ateco_division,province,active_firms,year,provenance
06,MI,8,2024,istat-asia
06,PR,1,2024,istat-asia
07,VA,1,2024,istat-asia
08,AL,8,2024,istat-asia
08,AO,4,2024,istat-asia
08,AT,3,2024,istat-asia
08,BG,37,2024,istat-asia
08,BI,2,2024,istat-asia
08,BL,8,2024,istat-asia
08,BO,15,2024,istat-asia
08,BS,77,2024,istat-asia
08,BZ,24,2024,istat-asia
08,CN,37,2024,istat-asia
08,CO,11,2024,istat-asia
08,CR,2,2024,istat-asia
08,FC,4,2024,istat-asia
08,FE,2,2024,istat-asia
08,GE,16,2024,istat-asia
08,GO,2,2024,istat-asia
08,IM,4,2024,istat-asia
08,LO,9,2024,istat-asia
08,MB,5,2024,istat-asia
08,MI,40,2024,istat-asia
08,MN,16,2024,istat-asia
08,MO,21,2024,istat-asia
08,NO,16,2024,istat-asia
08,PC,9,2024,istat-asia
08,PD,15,2024,istat-asia
08,PN,12,2024,istat-asia
08,PR,18,2024,istat-asia
08,PV,14,2024,istat-asia
08,RA,7,2024,istat-asia
08,RE,14,2024,istat-asia
08,RN,2,2024,istat-asia
08,SO,19,2024,istat-asia
08,SP,11,2024,istat-asia
08,SV,6,2024,istat-asia
08,TN,63,2024,istat-asia
08,TO,37,2024,istat-asia
08,TS,6,2024,istat-asia
08,TV,27,2024,istat-asia
08,UD,11,2024,istat-asia
08,VA,15,2024,istat-asia
08,VB,14,2024,istat-asia
08,VC,4,2024,istat-asia
08,VE,1,2024,istat-asia
08,VI,42,2024,istat-asia
08,VR,45,2024,istat-asia
09,AL,1,2024,istat-asia
09,BS,2,2024,istat-asia
09,FC,2,2024,istat-asia
09,GE,2,2024,istat-asia
09,MI,10,2024,istat-asia
09,PC,1,2024,istat-asia
09,PN,1,2024,istat-asia
09,PR,1,2024,istat-asia
09,RA,4,2024,istat-asia
09,TO,1,2024,istat-asia
09,UD,1,2024,istat-asia
09,VI,3,2024,istat-asia
09,VR,1,2024,istat-asia
10,AL,363,2024,istat-asia
10,AO,110,2024,istat-asia
10,AT,210,2024,istat-asia
10,BG,520,2024,istat-asia
10,BI,100,2024,istat-asia
10,BL,135,2024,istat-asia
10,BO,576,2024,istat-asia
10,BS,752,2024,istat-asia
10,BZ,305,2024,istat-asia
10,CN,860,2024,istat-asia
10,CO,241,2024,istat-asia
10,CR,255,2024,istat-asia
10,FC,334,2024,istat-asia
10,FE,277,2024,istat-asia
10,GE,727,2024,istat-asia
10,GO,55,2024,istat-asia
10,IM,191,2024,istat-asia
10,LC,179,2024,istat-asia
10,LO,106,2024,istat-asia
10,MB,336,2024,istat-asia
10,MI,1452,2024,istat-asia
10,MN,384,2024,istat-asia
10,MO,722,2024,istat-asia
10,NO,162,2024,istat-asia
10,PC,253,2024,istat-asia
10,PD,540,2024,istat-asia
10,PN,140,2024,istat-asia
10,PR,838,2024,istat-asia
10,PV,279,2024,istat-asia
10,RA,294,2024,istat-asia
10,RE,480,2024,istat-asia
10,RN,250,2024,istat-asia
10,RO,154,2024,istat-asia
10,SO,156,2024,istat-asia
10,SP,178,2024,istat-asia
10,SV,335,2024,istat-asia
10,TN,304,2024,istat-asia
10,TO,1329,2024,istat-asia
10,TS,86,2024,istat-asia
10,TV,564,2024,istat-asia
10,UD,361,2024,istat-asia
10,VA,289,2024,istat-asia
10,VB,93,2024,istat-asia
10,VC,105,2024,istat-asia
10,VE,483,2024,istat-asia
10,VI,508,2024,istat-asia
10,VR,559,2024,istat-asia
11,AL,40,2024,istat-asia
11,AO,16,2024,istat-asia
11,AT,55,2024,istat-asia
11,BG,37,2024,istat-asia
11,BI,9,2024,istat-asia
11,BL,7,2024,istat-asia
11,BO,26,2024,istat-asia
11,BS,58,2024,istat-asia
11,BZ,67,2024,istat-asia
11,CN,107,2024,istat-asia
11,CO,12,2024,istat-asia
11,CR,3,2024,istat-asia
11,FC,5,2024,istat-asia
11,FE,6,2024,istat-asia
11,GE,22,2024,istat-asia
11,GO,8,2024,istat-asia
11,IM,7,2024,istat-asia
11,LC,12,2024,istat-asia
11,LO,3,2024,istat-asia
11,MB,17,2024,istat-asia
11,MI,68,2024,istat-asia
11,MN,7,2024,istat-asia
11,MO,34,2024,istat-asia
11,NO,11,2024,istat-asia
11,PC,15,2024,istat-asia
11,PD,38,2024,istat-asia
11,PN,20,2024,istat-asia
11,PR,22,2024,istat-asia
11,PV,27,2024,istat-asia
11,RA,17,2024,istat-asia
11,RE,26,2024,istat-asia
11,RN,6,2024,istat-asia
11,RO,6,2024,istat-asia
11,SO,19,2024,istat-asia
11,SP,12,2024,istat-asia
11,SV,10,2024,istat-asia
11,TN,91,2024,istat-asia
11,TO,59,2024,istat-asia
11,TS,6,2024,istat-asia
11,TV,142,2024,istat-asia
11,UD,37,2024,istat-asia
11,VA,16,2024,istat-asia
11,VB,8,2024,istat-asia
11,VC,4,2024,istat-asia
11,VE,16,2024,istat-asia
11,VI,50,2024,istat-asia
11,VR,85,2024,istat-asia
12,MI,1,2024,istat-asia
12,TS,1,2024,istat-asia
12,TV,1,2024,istat-asia
12,VR,1,2024,istat-asia
13,AL,30,2024,istat-asia
13,AO,11,2024,istat-asia
13,AT,27,2024,istat-asia
13,BG,362,2024,istat-asia
13,BI,370,2024,istat-asia
13,BL,16,2024,istat-asia
13,BO,79,2024,istat-asia
13,BS,244,2024,istat-asia
13,BZ,38,2024,istat-asia
13,CN,65,2024,istat-asia
13,CO,398,2024,istat-asia
13,CR,46,2024,istat-asia
13,FC,50,2024,istat-asia
13,FE,27,2024,istat-asia
13,GE,49,2024,istat-asia
13,GO,19,2024,istat-asia
13,IM,16,2024,istat-asia
13,LC,97,2024,istat-asia
13,LO,15,2024,istat-asia
13,MB,204,2024,istat-asia
13,MI,490,2024,istat-asia
13,MN,130,2024,istat-asia
13,MO,311,2024,istat-asia
13,NO,83,2024,istat-asia
13,PC,26,2024,istat-asia
13,PD,253,2024,istat-asia
13,PN,30,2024,istat-asia
13,PR,31,2024,istat-asia
13,PV,57,2024,istat-asia
13,RA,38,2024,istat-asia
13,RE,116,2024,istat-asia
13,RN,47,2024,istat-asia
13,RO,41,2024,istat-asia
13,SO,21,2024,istat-asia
13,SP,20,2024,istat-asia
13,SV,16,2024,istat-asia
13,TN,50,2024,istat-asia
13,TO,259,2024,istat-asia
13,TS,16,2024,istat-asia
13,TV,225,2024,istat-asia
13,UD,78,2024,istat-asia
13,VA,540,2024,istat-asia
13,VB,19,2024,istat-asia
13,VC,46,2024,istat-asia
13,VE,107,2024,istat-asia
13,VI,259,2024,istat-asia
13,VR,106,2024,istat-asia
14,AL,113,2024,istat-asia
14,AO,21,2024,istat-asia
14,AT,41,2024,istat-asia
14,BG,466,2024,istat-asia
14,BI,53,2024,istat-asia
14,BL,34,2024,istat-asia
14,BO,468,2024,istat-asia
14,BS,693,2024,istat-asia
14,BZ,121,2024,istat-asia
14,CN,134,2024,istat-asia
14,CO,293,2024,istat-asia
14,CR,113,2024,istat-asia
14,FC,147,2024,istat-asia
14,FE,131,2024,istat-asia
14,GE,192,2024,istat-asia
14,GO,13,2024,istat-asia
14,IM,24,2024,istat-asia
14,LC,95,2024,istat-asia
14,LO,34,2024,istat-asia
14,MB,277,2024,istat-asia
14,MI,1452,2024,istat-asia
14,MN,447,2024,istat-asia
14,MO,906,2024,istat-asia
14,NO,166,2024,istat-asia
14,PC,70,2024,istat-asia
14,PD,802,2024,istat-asia
14,PN,70,2024,istat-asia
14,PR,132,2024,istat-asia
14,PV,114,2024,istat-asia
14,RA,113,2024,istat-asia
14,RE,436,2024,istat-asia
14,RN,147,2024,istat-asia
14,RO,332,2024,istat-asia
14,SO,27,2024,istat-asia
14,SP,27,2024,istat-asia
14,SV,40,2024,istat-asia
14,TN,82,2024,istat-asia
14,TO,608,2024,istat-asia
14,TS,41,2024,istat-asia
14,TV,603,2024,istat-asia
14,UD,103,2024,istat-asia
14,VA,457,2024,istat-asia
14,VB,29,2024,istat-asia
14,VC,47,2024,istat-asia
14,VE,320,2024,istat-asia
14,VI,614,2024,istat-asia
14,VR,414,2024,istat-asia
15,AL,10,2024,istat-asia
15,AO,9,2024,istat-asia
15,AT,2,2024,istat-asia
15,BG,43,2024,istat-asia
15,BI,10,2024,istat-asia
15,BL,1,2024,istat-asia
15,BO,93,2024,istat-asia
15,BS,87,2024,istat-asia
15,BZ,25,2024,istat-asia
15,CN,9,2024,istat-asia
15,CO,16,2024,istat-asia
15,CR,9,2024,istat-asia
15,FC,180,2024,istat-asia
15,FE,24,2024,istat-asia
15,GE,18,2024,istat-asia
15,GO,1,2024,istat-asia
15,IM,2,2024,istat-asia
15,LC,9,2024,istat-asia
15,LO,5,2024,istat-asia
15,MB,44,2024,istat-asia
15,MI,525,2024,istat-asia
15,MN,16,2024,istat-asia
15,MO,41,2024,istat-asia
15,NO,36,2024,istat-asia
15,PC,13,2024,istat-asia
15,PD,321,2024,istat-asia
15,PN,15,2024,istat-asia
15,PR,33,2024,istat-asia
15,PV,199,2024,istat-asia
15,RA,38,2024,istat-asia
15,RE,22,2024,istat-asia
15,RN,61,2024,istat-asia
15,RO,48,2024,istat-asia
15,SO,3,2024,istat-asia
15,SP,3,2024,istat-asia
15,SV,10,2024,istat-asia
15,TN,17,2024,istat-asia
15,TO,58,2024,istat-asia
15,TS,3,2024,istat-asia
15,TV,252,2024,istat-asia
15,UD,34,2024,istat-asia
15,VA,87,2024,istat-asia
15,VC,2,2024,istat-asia
15,VE,339,2024,istat-asia
15,VI,549,2024,istat-asia
15,VR,165,2024,istat-asia
16,AL,107,2024,istat-asia
16,AO,138,2024,istat-asia
16,AT,119,2024,istat-asia
16,BG,494,2024,istat-asia
16,BI,96,2024,istat-asia
16,BL,207,2024,istat-asia
16,BO,236,2024,istat-asia
16,BS,568,2024,istat-asia
16,BZ,697,2024,istat-asia
16,CN,359,2024,istat-asia
16,CO,213,2024,istat-asia
16,CR,124,2024,istat-asia
16,FC,150,2024,istat-asia
16,FE,68,2024,istat-asia
16,GE,185,2024,istat-asia
16,GO,33,2024,istat-asia
16,IM,47,2024,istat-asia
16,LC,129,2024,istat-asia
16,LO,45,2024,istat-asia
16,MB,243,2024,istat-asia
16,MI,473,2024,istat-asia
16,MN,182,2024,istat-asia
16,MO,208,2024,istat-asia
16,NO,101,2024,istat-asia
16,PC,88,2024,istat-asia
16,PD,436,2024,istat-asia
16,PN,163,2024,istat-asia
16,PR,153,2024,istat-asia
16,PV,124,2024,istat-asia
16,RA,105,2024,istat-asia
16,RE,202,2024,istat-asia
16,RN,83,2024,istat-asia
16,RO,75,2024,istat-asia
16,SO,177,2024,istat-asia
16,SP,50,2024,istat-asia
16,SV,74,2024,istat-asia
16,TN,512,2024,istat-asia
16,TO,629,2024,istat-asia
16,TS,36,2024,istat-asia
16,TV,588,2024,istat-asia
16,UD,363,2024,istat-asia
16,VA,199,2024,istat-asia
16,VB,117,2024,istat-asia
16,VC,82,2024,istat-asia
16,VE,282,2024,istat-asia
16,VI,457,2024,istat-asia
16,VR,364,2024,istat-asia
17,AL,12,2024,istat-asia
17,AT,9,2024,istat-asia
17,BG,70,2024,istat-asia
17,BI,4,2024,istat-asia
17,BL,2,2024,istat-asia
17,BO,51,2024,istat-asia
17,BS,95,2024,istat-asia
17,BZ,6,2024,istat-asia
17,CN,29,2024,istat-asia
17,CO,36,2024,istat-asia
17,CR,24,2024,istat-asia
17,FC,32,2024,istat-asia
17,FE,14,2024,istat-asia
17,GE,26,2024,istat-asia
17,GO,2,2024,istat-asia
17,IM,4,2024,istat-asia
17,LC,42,2024,istat-asia
17,LO,4,2024,istat-asia
17,MB,92,2024,istat-asia
17,MI,269,2024,istat-asia
17,MN,27,2024,istat-asia
17,MO,65,2024,istat-asia
17,NO,19,2024,istat-asia
17,PC,10,2024,istat-asia
17,PD,77,2024,istat-asia
17,PN,17,2024,istat-asia
17,PR,33,2024,istat-asia
17,PV,17,2024,istat-asia
17,RA,12,2024,istat-asia
17,RE,35,2024,istat-asia
17,RN,7,2024,istat-asia
17,RO,6,2024,istat-asia
17,SO,6,2024,istat-asia
17,SP,3,2024,istat-asia
17,SV,2,2024,istat-asia
17,TN,26,2024,istat-asia
17,TO,123,2024,istat-asia
17,TS,3,2024,istat-asia
17,TV,101,2024,istat-asia
17,UD,21,2024,istat-asia
17,VA,78,2024,istat-asia
17,VB,9,2024,istat-asia
17,VC,6,2024,istat-asia
17,VE,44,2024,istat-asia
17,VI,89,2024,istat-asia
17,VR,80,2024,istat-asia
18,AL,77,2024,istat-asia
18,AO,28,2024,istat-asia
18,AT,50,2024,istat-asia
18,BG,237,2024,istat-asia
18,BI,30,2024,istat-asia
18,BL,27,2024,istat-asia
18,BO,257,2024,istat-asia
18,BS,241,2024,istat-asia
18,BZ,124,2024,istat-asia
18,CN,148,2024,istat-asia
18,CO,175,2024,istat-asia
18,CR,61,2024,istat-asia
18,FC,88,2024,istat-asia
18,FE,42,2024,istat-asia
18,GE,147,2024,istat-asia
18,GO,24,2024,istat-asia
18,IM,27,2024,istat-asia
18,LC,78,2024,istat-asia
18,LO,45,2024,istat-asia
18,MB,219,2024,istat-asia
18,MI,987,2024,istat-asia
18,MN,75,2024,istat-asia
18,MO,189,2024,istat-asia
18,NO,55,2024,istat-asia
18,PC,64,2024,istat-asia
18,PD,242,2024,istat-asia
18,PN,67,2024,istat-asia
18,PR,83,2024,istat-asia
18,PV,84,2024,istat-asia
18,RA,58,2024,istat-asia
18,RE,126,2024,istat-asia
18,RN,89,2024,istat-asia
18,RO,44,2024,istat-asia
18,SO,27,2024,istat-asia
18,SP,27,2024,istat-asia
18,SV,45,2024,istat-asia
18,TN,121,2024,istat-asia
18,TO,495,2024,istat-asia
18,TS,36,2024,istat-asia
18,TV,244,2024,istat-asia
18,UD,97,2024,istat-asia
18,VA,202,2024,istat-asia
18,VB,25,2024,istat-asia
18,VC,24,2024,istat-asia
18,VE,146,2024,istat-asia
18,VI,221,2024,istat-asia
18,VR,279,2024,istat-asia
19,AL,1,2024,istat-asia
19,BG,4,2024,istat-asia
19,BL,1,2024,istat-asia
19,BO,2,2024,istat-asia
19,BS,2,2024,istat-asia
19,BZ,4,2024,istat-asia
19,CO,2,2024,istat-asia
19,CR,2,2024,istat-asia
19,GE,4,2024,istat-asia
19,LO,3,2024,istat-asia
19,MB,4,2024,istat-asia
19,MI,13,2024,istat-asia
19,NO,2,2024,istat-asia
19,PD,2,2024,istat-asia
19,PR,1,2024,istat-asia
19,RA,1,2024,istat-asia
19,RE,1,2024,istat-asia
19,SP,2,2024,istat-asia
19,SV,1,2024,istat-asia
19,TO,5,2024,istat-asia
19,TV,2,2024,istat-asia
19,UD,1,2024,istat-asia
19,VE,3,2024,istat-asia
19,VI,2,2024,istat-asia
19,VR,6,2024,istat-asia
20,AL,32,2024,istat-asia
20,AO,3,2024,istat-asia
20,AT,6,2024,istat-asia
20,BG,156,2024,istat-asia
20,BI,8,2024,istat-asia
20,BL,6,2024,istat-asia
20,BO,118,2024,istat-asia
20,BS,117,2024,istat-asia
20,BZ,24,2024,istat-asia
20,CN,41,2024,istat-asia
20,CO,51,2024,istat-asia
20,CR,50,2024,istat-asia
20,FC,32,2024,istat-asia
20,FE,16,2024,istat-asia
20,GE,57,2024,istat-asia
20,GO,2,2024,istat-asia
20,IM,9,2024,istat-asia
20,LC,19,2024,istat-asia
20,LO,21,2024,istat-asia
20,MB,94,2024,istat-asia
20,MI,561,2024,istat-asia
20,MN,45,2024,istat-asia
20,MO,72,2024,istat-asia
20,NO,40,2024,istat-asia
20,PC,26,2024,istat-asia
20,PD,97,2024,istat-asia
20,PN,16,2024,istat-asia
20,PR,45,2024,istat-asia
20,PV,41,2024,istat-asia
20,RA,44,2024,istat-asia
20,RE,49,2024,istat-asia
20,RN,26,2024,istat-asia
20,RO,18,2024,istat-asia
20,SO,6,2024,istat-asia
20,SP,11,2024,istat-asia
20,SV,12,2024,istat-asia
20,TN,27,2024,istat-asia
20,TO,172,2024,istat-asia
20,TS,10,2024,istat-asia
20,TV,77,2024,istat-asia
20,UD,25,2024,istat-asia
20,VA,114,2024,istat-asia
20,VB,4,2024,istat-asia
20,VC,8,2024,istat-asia
20,VE,38,2024,istat-asia
20,VI,121,2024,istat-asia
20,VR,79,2024,istat-asia
21,AL,3,2024,istat-asia
21,BG,12,2024,istat-asia
21,BO,11,2024,istat-asia
21,BS,7,2024,istat-asia
21,BZ,1,2024,istat-asia
21,CO,4,2024,istat-asia
21,CR,1,2024,istat-asia
21,FC,2,2024,istat-asia
21,FE,1,2024,istat-asia
21,GE,6,2024,istat-asia
21,IM,2,2024,istat-asia
21,LC,3,2024,istat-asia
21,LO,4,2024,istat-asia
21,MB,7,2024,istat-asia
21,MI,124,2024,istat-asia
21,MN,1,2024,istat-asia
21,MO,7,2024,istat-asia
21,NO,6,2024,istat-asia
21,PC,2,2024,istat-asia
21,PD,9,2024,istat-asia
21,PN,1,2024,istat-asia
21,PR,4,2024,istat-asia
21,PV,5,2024,istat-asia
21,RE,3,2024,istat-asia
21,RN,4,2024,istat-asia
21,RO,2,2024,istat-asia
21,SO,1,2024,istat-asia
21,SP,1,2024,istat-asia
21,SV,1,2024,istat-asia
21,TN,2,2024,istat-asia
21,TO,17,2024,istat-asia
21,TS,3,2024,istat-asia
21,TV,3,2024,istat-asia
21,UD,1,2024,istat-asia
21,VA,3,2024,istat-asia
21,VC,1,2024,istat-asia
21,VE,3,2024,istat-asia
21,VI,6,2024,istat-asia
21,VR,8,2024,istat-asia
22,AL,77,2024,istat-asia
22,AO,9,2024,istat-asia
22,AT,45,2024,istat-asia
22,BG,525,2024,istat-asia
22,BI,19,2024,istat-asia
22,BL,28,2024,istat-asia
22,BO,203,2024,istat-asia
22,BS,391,2024,istat-asia
22,BZ,30,2024,istat-asia
22,CN,114,2024,istat-asia
22,CO,117,2024,istat-asia
22,CR,70,2024,istat-asia
22,FC,83,2024,istat-asia
22,FE,39,2024,istat-asia
22,GE,68,2024,istat-asia
22,GO,8,2024,istat-asia
22,IM,8,2024,istat-asia
22,LC,104,2024,istat-asia
22,LO,43,2024,istat-asia
22,MB,308,2024,istat-asia
22,MI,742,2024,istat-asia
22,MN,88,2024,istat-asia
22,MO,172,2024,istat-asia
22,NO,72,2024,istat-asia
22,PC,40,2024,istat-asia
22,PD,280,2024,istat-asia
22,PN,69,2024,istat-asia
22,PR,79,2024,istat-asia
22,PV,103,2024,istat-asia
22,RA,51,2024,istat-asia
22,RE,217,2024,istat-asia
22,RN,35,2024,istat-asia
22,RO,38,2024,istat-asia
22,SO,19,2024,istat-asia
22,SP,6,2024,istat-asia
22,SV,7,2024,istat-asia
22,TN,63,2024,istat-asia
22,TO,480,2024,istat-asia
22,TS,6,2024,istat-asia
22,TV,275,2024,istat-asia
22,UD,65,2024,istat-asia
22,VA,384,2024,istat-asia
22,VB,20,2024,istat-asia
22,VC,30,2024,istat-asia
22,VE,117,2024,istat-asia
22,VI,313,2024,istat-asia
22,VR,134,2024,istat-asia
23,AL,87,2024,istat-asia
23,AO,43,2024,istat-asia
23,AT,37,2024,istat-asia
23,BG,258,2024,istat-asia
23,BI,27,2024,istat-asia
23,BL,43,2024,istat-asia
23,BO,120,2024,istat-asia
23,BS,335,2024,istat-asia
23,BZ,113,2024,istat-asia
23,CN,227,2024,istat-asia
23,CO,120,2024,istat-asia
23,CR,64,2024,istat-asia
23,FC,92,2024,istat-asia
23,FE,50,2024,istat-asia
23,GE,134,2024,istat-asia
23,GO,22,2024,istat-asia
23,IM,40,2024,istat-asia
23,LC,70,2024,istat-asia
23,LO,24,2024,istat-asia
23,MB,186,2024,istat-asia
23,MI,431,2024,istat-asia
23,MN,81,2024,istat-asia
23,MO,262,2024,istat-asia
23,NO,49,2024,istat-asia
23,PC,53,2024,istat-asia
23,PD,221,2024,istat-asia
23,PN,151,2024,istat-asia
23,PR,79,2024,istat-asia
23,PV,98,2024,istat-asia
23,RA,103,2024,istat-asia
23,RE,207,2024,istat-asia
23,RN,79,2024,istat-asia
23,RO,49,2024,istat-asia
23,SO,66,2024,istat-asia
23,SP,61,2024,istat-asia
23,SV,71,2024,istat-asia
23,TN,184,2024,istat-asia
23,TO,360,2024,istat-asia
23,TS,31,2024,istat-asia
23,TV,281,2024,istat-asia
23,UD,146,2024,istat-asia
23,VA,133,2024,istat-asia
23,VB,82,2024,istat-asia
23,VC,25,2024,istat-asia
23,VE,421,2024,istat-asia
23,VI,417,2024,istat-asia
23,VR,452,2024,istat-asia
24,AL,40,2024,istat-asia
24,AO,2,2024,istat-asia
24,AT,7,2024,istat-asia
24,BG,98,2024,istat-asia
24,BI,2,2024,istat-asia
24,BL,3,2024,istat-asia
24,BO,63,2024,istat-asia
24,BS,295,2024,istat-asia
24,BZ,4,2024,istat-asia
24,CN,22,2024,istat-asia
24,CO,47,2024,istat-asia
24,CR,16,2024,istat-asia
24,FC,23,2024,istat-asia
24,FE,10,2024,istat-asia
24,GE,27,2024,istat-asia
24,GO,4,2024,istat-asia
24,LC,76,2024,istat-asia
24,LO,13,2024,istat-asia
24,MB,58,2024,istat-asia
24,MI,296,2024,istat-asia
24,MN,27,2024,istat-asia
24,MO,37,2024,istat-asia
24,NO,29,2024,istat-asia
24,PC,16,2024,istat-asia
24,PD,68,2024,istat-asia
24,PN,16,2024,istat-asia
24,PR,18,2024,istat-asia
24,PV,26,2024,istat-asia
24,RA,14,2024,istat-asia
24,RE,38,2024,istat-asia
24,RN,16,2024,istat-asia
24,RO,7,2024,istat-asia
24,SO,4,2024,istat-asia
24,SP,5,2024,istat-asia
24,SV,3,2024,istat-asia
24,TN,15,2024,istat-asia
24,TO,122,2024,istat-asia
24,TS,3,2024,istat-asia
24,TV,47,2024,istat-asia
24,UD,33,2024,istat-asia
24,VA,79,2024,istat-asia
24,VB,12,2024,istat-asia
24,VC,15,2024,istat-asia
24,VE,26,2024,istat-asia
24,VI,94,2024,istat-asia
24,VR,48,2024,istat-asia
25,AL,522,2024,istat-asia
25,AO,77,2024,istat-asia
25,AT,303,2024,istat-asia
25,BG,2421,2024,istat-asia
25,BI,176,2024,istat-asia
25,BL,202,2024,istat-asia
25,BO,1760,2024,istat-asia
25,BS,4092,2024,istat-asia
25,BZ,475,2024,istat-asia
25,CN,1083,2024,istat-asia
25,CO,883,2024,istat-asia
25,CR,641,2024,istat-asia
25,FC,526,2024,istat-asia
25,FE,407,2024,istat-asia
25,GE,598,2024,istat-asia
25,GO,176,2024,istat-asia
25,IM,179,2024,istat-asia
25,LC,1119,2024,istat-asia
25,LO,262,2024,istat-asia
25,MB,1543,2024,istat-asia
25,MI,3795,2024,istat-asia
25,MN,633,2024,istat-asia
25,MO,1500,2024,istat-asia
25,NO,732,2024,istat-asia
25,PC,531,2024,istat-asia
25,PD,1822,2024,istat-asia
25,PN,555,2024,istat-asia
25,PR,1031,2024,istat-asia
25,PV,743,2024,istat-asia
25,RA,450,2024,istat-asia
25,RE,1284,2024,istat-asia
25,RN,330,2024,istat-asia
25,RO,355,2024,istat-asia
25,SO,195,2024,istat-asia
25,SP,209,2024,istat-asia
25,SV,275,2024,istat-asia
25,TN,529,2024,istat-asia
25,TO,3470,2024,istat-asia
25,TS,101,2024,istat-asia
25,TV,1809,2024,istat-asia
25,UD,643,2024,istat-asia
25,VA,1372,2024,istat-asia
25,VB,315,2024,istat-asia
25,VC,222,2024,istat-asia
25,VE,835,2024,istat-asia
25,VI,2355,2024,istat-asia
25,VR,1378,2024,istat-asia
26,AL,28,2024,istat-asia
26,AO,5,2024,istat-asia
26,AT,14,2024,istat-asia
26,BG,166,2024,istat-asia
26,BI,9,2024,istat-asia
26,BL,27,2024,istat-asia
26,BO,191,2024,istat-asia
26,BS,157,2024,istat-asia
26,BZ,33,2024,istat-asia
26,CN,47,2024,istat-asia
26,CO,60,2024,istat-asia
26,CR,23,2024,istat-asia
26,FC,29,2024,istat-asia
26,FE,31,2024,istat-asia
26,GE,89,2024,istat-asia
26,GO,10,2024,istat-asia
26,IM,5,2024,istat-asia
26,LC,49,2024,istat-asia
26,LO,18,2024,istat-asia
26,MB,142,2024,istat-asia
26,MI,554,2024,istat-asia
26,MN,25,2024,istat-asia
26,MO,150,2024,istat-asia
26,NO,34,2024,istat-asia
26,PC,18,2024,istat-asia
26,PD,148,2024,istat-asia
26,PN,38,2024,istat-asia
26,PR,43,2024,istat-asia
26,PV,59,2024,istat-asia
26,RA,38,2024,istat-asia
26,RE,89,2024,istat-asia
26,RN,43,2024,istat-asia
26,RO,16,2024,istat-asia
26,SO,7,2024,istat-asia
26,SP,18,2024,istat-asia
26,SV,9,2024,istat-asia
26,TN,47,2024,istat-asia
26,TO,289,2024,istat-asia
26,TS,22,2024,istat-asia
26,TV,103,2024,istat-asia
26,UD,52,2024,istat-asia
26,VA,118,2024,istat-asia
26,VB,7,2024,istat-asia
26,VC,9,2024,istat-asia
26,VE,63,2024,istat-asia
26,VI,138,2024,istat-asia
26,VR,87,2024,istat-asia
27,AL,53,2024,istat-asia
27,AO,6,2024,istat-asia
27,AT,39,2024,istat-asia
27,BG,252,2024,istat-asia
27,BI,15,2024,istat-asia
27,BL,23,2024,istat-asia
27,BO,212,2024,istat-asia
27,BS,316,2024,istat-asia
27,BZ,45,2024,istat-asia
27,CN,51,2024,istat-asia
27,CO,73,2024,istat-asia
27,CR,49,2024,istat-asia
27,FC,60,2024,istat-asia
27,FE,42,2024,istat-asia
27,GE,64,2024,istat-asia
27,GO,8,2024,istat-asia
27,IM,3,2024,istat-asia
27,LC,72,2024,istat-asia
27,LO,58,2024,istat-asia
27,MB,213,2024,istat-asia
27,MI,753,2024,istat-asia
27,MN,54,2024,istat-asia
27,MO,139,2024,istat-asia
27,NO,51,2024,istat-asia
27,PC,44,2024,istat-asia
27,PD,296,2024,istat-asia
27,PN,95,2024,istat-asia
27,PR,77,2024,istat-asia
27,PV,80,2024,istat-asia
27,RA,41,2024,istat-asia
27,RE,152,2024,istat-asia
27,RN,63,2024,istat-asia
27,RO,18,2024,istat-asia
27,SO,11,2024,istat-asia
27,SP,15,2024,istat-asia
27,SV,10,2024,istat-asia
27,TN,55,2024,istat-asia
27,TO,336,2024,istat-asia
27,TS,5,2024,istat-asia
27,TV,282,2024,istat-asia
27,UD,45,2024,istat-asia
27,VA,213,2024,istat-asia
27,VB,11,2024,istat-asia
27,VC,13,2024,istat-asia
27,VE,150,2024,istat-asia
27,VI,383,2024,istat-asia
27,VR,133,2024,istat-asia
28,AL,145,2024,istat-asia
28,AO,5,2024,istat-asia
28,AT,103,2024,istat-asia
28,BG,641,2024,istat-asia
28,BI,77,2024,istat-asia
28,BL,55,2024,istat-asia
28,BO,743,2024,istat-asia
28,BS,922,2024,istat-asia
28,BZ,144,2024,istat-asia
28,CN,294,2024,istat-asia
28,CO,219,2024,istat-asia
28,CR,183,2024,istat-asia
28,FC,164,2024,istat-asia
28,FE,142,2024,istat-asia
28,GE,112,2024,istat-asia
28,GO,42,2024,istat-asia
28,IM,8,2024,istat-asia
28,LC,193,2024,istat-asia
28,LO,69,2024,istat-asia
28,MB,457,2024,istat-asia
28,MI,1610,2024,istat-asia
28,MN,235,2024,istat-asia
28,MO,657,2024,istat-asia
28,NO,332,2024,istat-asia
28,PC,180,2024,istat-asia
28,PD,721,2024,istat-asia
28,PN,186,2024,istat-asia
28,PR,416,2024,istat-asia
28,PV,281,2024,istat-asia
28,RA,169,2024,istat-asia
28,RE,529,2024,istat-asia
28,RN,125,2024,istat-asia
28,RO,83,2024,istat-asia
28,SO,19,2024,istat-asia
28,SP,28,2024,istat-asia
28,SV,18,2024,istat-asia
28,TN,181,2024,istat-asia
28,TO,772,2024,istat-asia
28,TS,12,2024,istat-asia
28,TV,520,2024,istat-asia
28,UD,197,2024,istat-asia
28,VA,504,2024,istat-asia
28,VB,52,2024,istat-asia
28,VC,106,2024,istat-asia
28,VE,157,2024,istat-asia
28,VI,916,2024,istat-asia
28,VR,474,2024,istat-asia
29,AL,21,2024,istat-asia
29,AO,2,2024,istat-asia
29,AT,30,2024,istat-asia
29,BG,47,2024,istat-asia
29,BI,4,2024,istat-asia
29,BL,2,2024,istat-asia
29,BO,65,2024,istat-asia
29,BS,128,2024,istat-asia
29,BZ,22,2024,istat-asia
29,CN,56,2024,istat-asia
29,CO,9,2024,istat-asia
29,CR,12,2024,istat-asia
29,FC,23,2024,istat-asia
29,FE,18,2024,istat-asia
29,GE,13,2024,istat-asia
29,LC,14,2024,istat-asia
29,LO,9,2024,istat-asia
29,MB,30,2024,istat-asia
29,MI,115,2024,istat-asia
29,MN,34,2024,istat-asia
29,MO,103,2024,istat-asia
29,NO,20,2024,istat-asia
29,PC,29,2024,istat-asia
29,PD,61,2024,istat-asia
29,PN,19,2024,istat-asia
29,PR,31,2024,istat-asia
29,PV,11,2024,istat-asia
29,RA,18,2024,istat-asia
29,RE,49,2024,istat-asia
29,RN,8,2024,istat-asia
29,RO,12,2024,istat-asia
29,SO,4,2024,istat-asia
29,SV,5,2024,istat-asia
29,TN,29,2024,istat-asia
29,TO,356,2024,istat-asia
29,TS,1,2024,istat-asia
29,TV,68,2024,istat-asia
29,UD,9,2024,istat-asia
29,VA,44,2024,istat-asia
29,VB,3,2024,istat-asia
29,VC,4,2024,istat-asia
29,VE,21,2024,istat-asia
29,VI,67,2024,istat-asia
29,VR,69,2024,istat-asia
30,AL,7,2024,istat-asia
30,AT,4,2024,istat-asia
30,BG,77,2024,istat-asia
30,BI,2,2024,istat-asia
30,BL,1,2024,istat-asia
30,BO,55,2024,istat-asia
30,BS,70,2024,istat-asia
30,BZ,11,2024,istat-asia
30,CN,31,2024,istat-asia
30,CO,38,2024,istat-asia
30,CR,9,2024,istat-asia
30,FC,49,2024,istat-asia
30,FE,17,2024,istat-asia
30,GE,57,2024,istat-asia
30,GO,53,2024,istat-asia
30,IM,16,2024,istat-asia
30,LC,32,2024,istat-asia
30,LO,5,2024,istat-asia
30,MB,32,2024,istat-asia
30,MI,132,2024,istat-asia
30,MN,10,2024,istat-asia
30,MO,20,2024,istat-asia
30,NO,13,2024,istat-asia
30,PC,26,2024,istat-asia
30,PD,73,2024,istat-asia
30,PN,11,2024,istat-asia
30,PR,13,2024,istat-asia
30,PV,12,2024,istat-asia
30,RA,26,2024,istat-asia
30,RE,15,2024,istat-asia
30,RN,28,2024,istat-asia
30,RO,18,2024,istat-asia
30,SO,3,2024,istat-asia
30,SP,103,2024,istat-asia
30,SV,17,2024,istat-asia
30,TN,14,2024,istat-asia
30,TO,88,2024,istat-asia
30,TS,18,2024,istat-asia
30,TV,46,2024,istat-asia
30,UD,38,2024,istat-asia
30,VA,59,2024,istat-asia
30,VB,1,2024,istat-asia
30,VC,3,2024,istat-asia
30,VE,75,2024,istat-asia
30,VI,57,2024,istat-asia
30,VR,33,2024,istat-asia
31,AL,52,2024,istat-asia
31,AO,53,2024,istat-asia
31,AT,34,2024,istat-asia
31,BG,375,2024,istat-asia
31,BI,37,2024,istat-asia
31,BL,135,2024,istat-asia
31,BO,168,2024,istat-asia
31,BS,300,2024,istat-asia
31,BZ,334,2024,istat-asia
31,CN,225,2024,istat-asia
31,CO,735,2024,istat-asia
31,CR,68,2024,istat-asia
31,FC,291,2024,istat-asia
31,FE,30,2024,istat-asia
31,GE,111,2024,istat-asia
31,GO,29,2024,istat-asia
31,IM,31,2024,istat-asia
31,LC,99,2024,istat-asia
31,LO,33,2024,istat-asia
31,MB,1211,2024,istat-asia
31,MI,591,2024,istat-asia
31,MN,51,2024,istat-asia
31,MO,117,2024,istat-asia
31,NO,55,2024,istat-asia
31,PC,49,2024,istat-asia
31,PD,573,2024,istat-asia
31,PN,302,2024,istat-asia
31,PR,99,2024,istat-asia
31,PV,28,2024,istat-asia
31,RA,52,2024,istat-asia
31,RE,130,2024,istat-asia
31,RN,112,2024,istat-asia
31,RO,48,2024,istat-asia
31,SO,99,2024,istat-asia
31,SP,29,2024,istat-asia
31,SV,29,2024,istat-asia
31,TN,176,2024,istat-asia
31,TO,435,2024,istat-asia
31,TS,16,2024,istat-asia
31,TV,780,2024,istat-asia
31,UD,430,2024,istat-asia
31,VA,143,2024,istat-asia
31,VB,21,2024,istat-asia
31,VC,23,2024,istat-asia
31,VE,198,2024,istat-asia
31,VI,512,2024,istat-asia
31,VR,645,2024,istat-asia
32,AL,895,2024,istat-asia
32,AO,33,2024,istat-asia
32,AT,78,2024,istat-asia
32,BG,513,2024,istat-asia
32,BI,85,2024,istat-asia
32,BL,219,2024,istat-asia
32,BO,472,2024,istat-asia
32,BS,507,2024,istat-asia
32,BZ,201,2024,istat-asia
32,CN,204,2024,istat-asia
32,CO,264,2024,istat-asia
32,CR,296,2024,istat-asia
32,FC,157,2024,istat-asia
32,FE,109,2024,istat-asia
32,GE,419,2024,istat-asia
32,GO,43,2024,istat-asia
32,IM,85,2024,istat-asia
32,LC,164,2024,istat-asia
32,LO,62,2024,istat-asia
32,MB,371,2024,istat-asia
32,MI,1682,2024,istat-asia
32,MN,162,2024,istat-asia
32,MO,294,2024,istat-asia
32,NO,152,2024,istat-asia
32,PC,121,2024,istat-asia
32,PD,521,2024,istat-asia
32,PN,123,2024,istat-asia
32,PR,184,2024,istat-asia
32,PV,261,2024,istat-asia
32,RA,121,2024,istat-asia
32,RE,207,2024,istat-asia
32,RN,200,2024,istat-asia
32,RO,82,2024,istat-asia
32,SO,64,2024,istat-asia
32,SP,68,2024,istat-asia
32,SV,111,2024,istat-asia
32,TN,179,2024,istat-asia
32,TO,1047,2024,istat-asia
32,TS,90,2024,istat-asia
32,TV,553,2024,istat-asia
32,UD,257,2024,istat-asia
32,VA,458,2024,istat-asia
32,VB,60,2024,istat-asia
32,VC,79,2024,istat-asia
32,VE,417,2024,istat-asia
32,VI,811,2024,istat-asia
32,VR,368,2024,istat-asia
33,AL,287,2024,istat-asia
33,AO,40,2024,istat-asia
33,AT,158,2024,istat-asia
33,BG,943,2024,istat-asia
33,BI,133,2024,istat-asia
33,BL,95,2024,istat-asia
33,BO,673,2024,istat-asia
33,BS,1214,2024,istat-asia
33,BZ,281,2024,istat-asia
33,CN,454,2024,istat-asia
33,CO,355,2024,istat-asia
33,CR,223,2024,istat-asia
33,FC,270,2024,istat-asia
33,FE,226,2024,istat-asia
33,GE,688,2024,istat-asia
33,GO,93,2024,istat-asia
33,IM,143,2024,istat-asia
33,LC,317,2024,istat-asia
33,LO,134,2024,istat-asia
33,MB,702,2024,istat-asia
33,MI,1850,2024,istat-asia
33,MN,333,2024,istat-asia
33,MO,740,2024,istat-asia
33,NO,238,2024,istat-asia
33,PC,250,2024,istat-asia
33,PD,766,2024,istat-asia
33,PN,235,2024,istat-asia
33,PR,465,2024,istat-asia
33,PV,328,2024,istat-asia
33,RA,295,2024,istat-asia
33,RE,494,2024,istat-asia
33,RN,204,2024,istat-asia
33,RO,152,2024,istat-asia
33,SO,90,2024,istat-asia
33,SP,298,2024,istat-asia
33,SV,222,2024,istat-asia
33,TN,237,2024,istat-asia
33,TO,1420,2024,istat-asia
33,TS,113,2024,istat-asia
33,TV,655,2024,istat-asia
33,UD,427,2024,istat-asia
33,VA,619,2024,istat-asia
33,VB,73,2024,istat-asia
33,VC,104,2024,istat-asia
33,VE,591,2024,istat-asia
33,VI,851,2024,istat-asia
33,VR,707,2024,istat-asia
35,AL,64,2024,istat-asia
35,AO,132,2024,istat-asia
35,AT,66,2024,istat-asia
35,BG,199,2024,istat-asia
35,BI,39,2024,istat-asia
35,BL,40,2024,istat-asia
35,BO,156,2024,istat-asia
35,BS,287,2024,istat-asia
35,BZ,1529,2024,istat-asia
35,CN,480,2024,istat-asia
35,CO,41,2024,istat-asia
35,CR,92,2024,istat-asia
35,FC,232,2024,istat-asia
35,FE,44,2024,istat-asia
35,GE,89,2024,istat-asia
35,GO,12,2024,istat-asia
35,IM,26,2024,istat-asia
35,LC,20,2024,istat-asia
35,LO,45,2024,istat-asia
35,MB,42,2024,istat-asia
35,MI,1578,2024,istat-asia
35,MN,79,2024,istat-asia
35,MO,108,2024,istat-asia
35,NO,40,2024,istat-asia
35,PC,72,2024,istat-asia
35,PD,194,2024,istat-asia
35,PN,72,2024,istat-asia
35,PR,71,2024,istat-asia
35,PV,52,2024,istat-asia
35,RA,137,2024,istat-asia
35,RE,58,2024,istat-asia
35,RN,71,2024,istat-asia
35,RO,40,2024,istat-asia
35,SO,76,2024,istat-asia
35,SP,11,2024,istat-asia
35,SV,21,2024,istat-asia
35,TN,296,2024,istat-asia
35,TO,415,2024,istat-asia
35,TS,19,2024,istat-asia
35,TV,152,2024,istat-asia
35,UD,160,2024,istat-asia
35,VA,59,2024,istat-asia
35,VB,69,2024,istat-asia
35,VC,29,2024,istat-asia
35,VE,99,2024,istat-asia
35,VI,175,2024,istat-asia
35,VR,203,2024,istat-asia
36,AL,16,2024,istat-asia
36,AO,8,2024,istat-asia
36,AT,5,2024,istat-asia
36,BG,11,2024,istat-asia
36,BI,10,2024,istat-asia
36,BL,4,2024,istat-asia
36,BO,8,2024,istat-asia
36,BS,17,2024,istat-asia
36,BZ,21,2024,istat-asia
36,CN,45,2024,istat-asia
36,CO,5,2024,istat-asia
36,CR,2,2024,istat-asia
36,FC,5,2024,istat-asia
36,FE,1,2024,istat-asia
36,GE,12,2024,istat-asia
36,GO,1,2024,istat-asia
36,IM,9,2024,istat-asia
36,LC,1,2024,istat-asia
36,LO,3,2024,istat-asia
36,MB,3,2024,istat-asia
36,MI,19,2024,istat-asia
36,MN,2,2024,istat-asia
36,MO,5,2024,istat-asia
36,NO,1,2024,istat-asia
36,PC,3,2024,istat-asia
36,PD,4,2024,istat-asia
36,PN,1,2024,istat-asia
36,PR,5,2024,istat-asia
36,PV,14,2024,istat-asia
36,RA,8,2024,istat-asia
36,RE,8,2024,istat-asia
36,RN,2,2024,istat-asia
36,RO,1,2024,istat-asia
36,SO,1,2024,istat-asia
36,SP,2,2024,istat-asia
36,SV,9,2024,istat-asia
36,TN,9,2024,istat-asia
36,TO,13,2024,istat-asia
36,TS,2,2024,istat-asia
36,TV,2,2024,istat-asia
36,UD,3,2024,istat-asia
36,VA,2,2024,istat-asia
36,VB,1,2024,istat-asia
36,VC,4,2024,istat-asia
36,VE,3,2024,istat-asia
36,VI,5,2024,istat-asia
36,VR,7,2024,istat-asia
37,AL,8,2024,istat-asia
37,AO,3,2024,istat-asia
37,AT,4,2024,istat-asia
37,BG,19,2024,istat-asia
37,BI,3,2024,istat-asia
37,BL,5,2024,istat-asia
37,BO,28,2024,istat-asia
37,BS,22,2024,istat-asia
37,BZ,8,2024,istat-asia
37,CN,5,2024,istat-asia
37,CO,16,2024,istat-asia
37,CR,2,2024,istat-asia
37,FC,15,2024,istat-asia
37,FE,16,2024,istat-asia
37,GE,9,2024,istat-asia
37,GO,3,2024,istat-asia
37,IM,6,2024,istat-asia
37,LC,7,2024,istat-asia
37,LO,5,2024,istat-asia
37,MB,27,2024,istat-asia
37,MI,62,2024,istat-asia
37,MN,13,2024,istat-asia
37,MO,32,2024,istat-asia
37,NO,4,2024,istat-asia
37,PC,4,2024,istat-asia
37,PD,25,2024,istat-asia
37,PN,12,2024,istat-asia
37,PR,18,2024,istat-asia
37,PV,11,2024,istat-asia
37,RA,15,2024,istat-asia
37,RE,12,2024,istat-asia
37,RN,18,2024,istat-asia
37,RO,9,2024,istat-asia
37,SO,4,2024,istat-asia
37,SP,7,2024,istat-asia
37,SV,10,2024,istat-asia
37,TN,10,2024,istat-asia
37,TO,40,2024,istat-asia
37,TS,5,2024,istat-asia
37,TV,22,2024,istat-asia
37,UD,8,2024,istat-asia
37,VA,17,2024,istat-asia
37,VB,3,2024,istat-asia
37,VC,2,2024,istat-asia
37,VE,28,2024,istat-asia
37,VI,24,2024,istat-asia
37,VR,21,2024,istat-asia
38,AL,35,2024,istat-asia
38,AO,14,2024,istat-asia
38,AT,16,2024,istat-asia
38,BG,131,2024,istat-asia
38,BI,21,2024,istat-asia
38,BL,13,2024,istat-asia
38,BO,63,2024,istat-asia
38,BS,178,2024,istat-asia
38,BZ,34,2024,istat-asia
38,CN,59,2024,istat-asia
38,CO,48,2024,istat-asia
38,CR,25,2024,istat-asia
38,FC,46,2024,istat-asia
38,FE,33,2024,istat-asia
38,GE,64,2024,istat-asia
38,GO,16,2024,istat-asia
38,IM,18,2024,istat-asia
38,LC,35,2024,istat-asia
38,LO,16,2024,istat-asia
38,MB,70,2024,istat-asia
38,MI,309,2024,istat-asia
38,MN,39,2024,istat-asia
38,MO,50,2024,istat-asia
38,NO,39,2024,istat-asia
38,PC,33,2024,istat-asia
38,PD,83,2024,istat-asia
38,PN,32,2024,istat-asia
38,PR,42,2024,istat-asia
38,PV,43,2024,istat-asia
38,RA,28,2024,istat-asia
38,RE,24,2024,istat-asia
38,RN,22,2024,istat-asia
38,RO,27,2024,istat-asia
38,SO,16,2024,istat-asia
38,SP,18,2024,istat-asia
38,SV,21,2024,istat-asia
38,TN,64,2024,istat-asia
38,TO,236,2024,istat-asia
38,TS,15,2024,istat-asia
38,TV,72,2024,istat-asia
38,UD,50,2024,istat-asia
38,VA,85,2024,istat-asia
38,VB,21,2024,istat-asia
38,VC,13,2024,istat-asia
38,VE,74,2024,istat-asia
38,VI,99,2024,istat-asia
38,VR,96,2024,istat-asia
39,AL,4,2024,istat-asia
39,AO,1,2024,istat-asia
39,AT,2,2024,istat-asia
39,BG,25,2024,istat-asia
39,BL,1,2024,istat-asia
39,BO,6,2024,istat-asia
39,BS,20,2024,istat-asia
39,BZ,6,2024,istat-asia
39,CN,7,2024,istat-asia
39,CO,3,2024,istat-asia
39,CR,1,2024,istat-asia
39,FC,3,2024,istat-asia
39,FE,4,2024,istat-asia
39,GE,14,2024,istat-asia
39,GO,2,2024,istat-asia
39,IM,2,2024,istat-asia
39,LC,4,2024,istat-asia
39,MB,9,2024,istat-asia
39,MI,51,2024,istat-asia
39,MN,7,2024,istat-asia
39,MO,1,2024,istat-asia
39,NO,4,2024,istat-asia
39,PC,1,2024,istat-asia
39,PD,21,2024,istat-asia
39,PN,3,2024,istat-asia
39,PR,2,2024,istat-asia
39,PV,7,2024,istat-asia
39,RA,8,2024,istat-asia
39,RE,8,2024,istat-asia
39,RN,3,2024,istat-asia
39,RO,3,2024,istat-asia
39,SO,1,2024,istat-asia
39,SP,4,2024,istat-asia
39,SV,1,2024,istat-asia
39,TN,3,2024,istat-asia
39,TO,27,2024,istat-asia
39,TS,2,2024,istat-asia
39,TV,9,2024,istat-asia
39,UD,10,2024,istat-asia
39,VA,5,2024,istat-asia
39,VB,2,2024,istat-asia
39,VC,2,2024,istat-asia
39,VE,17,2024,istat-asia
39,VI,5,2024,istat-asia
39,VR,15,2024,istat-asia
41,AL,861,2024,istat-asia
41,AO,532,2024,istat-asia
41,AT,583,2024,istat-asia
41,BG,3449,2024,istat-asia
41,BI,191,2024,istat-asia
41,BL,338,2024,istat-asia
41,BO,2020,2024,istat-asia
41,BS,3589,2024,istat-asia
41,BZ,1129,2024,istat-asia
41,CN,1356,2024,istat-asia
41,CO,1297,2024,istat-asia
41,CR,646,2024,istat-asia
41,FC,734,2024,istat-asia
41,FE,618,2024,istat-asia
41,GE,876,2024,istat-asia
41,GO,221,2024,istat-asia
41,IM,359,2024,istat-asia
41,LC,644,2024,istat-asia
41,LO,416,2024,istat-asia
41,MB,1873,2024,istat-asia
41,MI,8049,2024,istat-asia
41,MN,833,2024,istat-asia
41,MO,1859,2024,istat-asia
41,NO,905,2024,istat-asia
41,PC,648,2024,istat-asia
41,PD,2369,2024,istat-asia
41,PN,549,2024,istat-asia
41,PR,1274,2024,istat-asia
41,PV,1337,2024,istat-asia
41,RA,656,2024,istat-asia
41,RE,1559,2024,istat-asia
41,RN,814,2024,istat-asia
41,RO,541,2024,istat-asia
41,SO,480,2024,istat-asia
41,SP,409,2024,istat-asia
41,SV,542,2024,istat-asia
41,TN,1206,2024,istat-asia
41,TO,3897,2024,istat-asia
41,TS,369,2024,istat-asia
41,TV,2182,2024,istat-asia
41,UD,1130,2024,istat-asia
41,VA,2158,2024,istat-asia
41,VB,428,2024,istat-asia
41,VC,263,2024,istat-asia
41,VE,2076,2024,istat-asia
41,VI,1809,2024,istat-asia
41,VR,2589,2024,istat-asia
42,AL,61,2024,istat-asia
42,AO,42,2024,istat-asia
42,AT,18,2024,istat-asia
42,BG,125,2024,istat-asia
42,BI,15,2024,istat-asia
42,BL,24,2024,istat-asia
42,BO,84,2024,istat-asia
42,BS,128,2024,istat-asia
42,BZ,112,2024,istat-asia
42,CN,73,2024,istat-asia
42,CO,42,2024,istat-asia
42,CR,10,2024,istat-asia
42,FC,53,2024,istat-asia
42,FE,21,2024,istat-asia
42,GE,66,2024,istat-asia
42,GO,7,2024,istat-asia
42,IM,13,2024,istat-asia
42,LC,22,2024,istat-asia
42,LO,24,2024,istat-asia
42,MB,43,2024,istat-asia
42,MI,291,2024,istat-asia
42,MN,50,2024,istat-asia
42,MO,86,2024,istat-asia
42,NO,20,2024,istat-asia
42,PC,30,2024,istat-asia
42,PD,133,2024,istat-asia
42,PN,36,2024,istat-asia
42,PR,98,2024,istat-asia
42,PV,34,2024,istat-asia
42,RA,32,2024,istat-asia
42,RE,56,2024,istat-asia
42,RN,31,2024,istat-asia
42,RO,35,2024,istat-asia
42,SO,37,2024,istat-asia
42,SP,20,2024,istat-asia
42,SV,19,2024,istat-asia
42,TN,135,2024,istat-asia
42,TO,175,2024,istat-asia
42,TS,13,2024,istat-asia
42,TV,78,2024,istat-asia
42,UD,79,2024,istat-asia
42,VA,53,2024,istat-asia
42,VB,14,2024,istat-asia
42,VC,19,2024,istat-asia
42,VE,114,2024,istat-asia
42,VI,93,2024,istat-asia
42,VR,107,2024,istat-asia
43,AL,3204,2024,istat-asia
43,AO,1368,2024,istat-asia
43,AT,2161,2024,istat-asia
43,BG,10634,2024,istat-asia
43,BI,1443,2024,istat-asia
43,BL,1612,2024,istat-asia
43,BO,7677,2024,istat-asia
43,BS,10082,2024,istat-asia
43,BZ,5162,2024,istat-asia
43,CN,5998,2024,istat-asia
43,CO,4510,2024,istat-asia
43,CR,2423,2024,istat-asia
43,FC,3615,2024,istat-asia
43,FE,2568,2024,istat-asia
43,GE,8326,2024,istat-asia
43,GO,812,2024,istat-asia
43,IM,2764,2024,istat-asia
43,LC,2634,2024,istat-asia
43,LO,1711,2024,istat-asia
43,MB,7536,2024,istat-asia
43,MI,22488,2024,istat-asia
43,MN,3294,2024,istat-asia
43,MO,5901,2024,istat-asia
43,NO,2540,2024,istat-asia
43,PC,2475,2024,istat-asia
43,PD,7574,2024,istat-asia
43,PN,2205,2024,istat-asia
43,PR,3299,2024,istat-asia
43,PV,3804,2024,istat-asia
43,RA,3301,2024,istat-asia
43,RE,5890,2024,istat-asia
43,RN,3149,2024,istat-asia
43,RO,1535,2024,istat-asia
43,SO,1368,2024,istat-asia
43,SP,1599,2024,istat-asia
43,SV,3541,2024,istat-asia
43,TN,4985,2024,istat-asia
43,TO,18105,2024,istat-asia
43,TS,1586,2024,istat-asia
43,TV,7067,2024,istat-asia
43,UD,4002,2024,istat-asia
43,VA,6562,2024,istat-asia
43,VB,1142,2024,istat-asia
43,VC,1365,2024,istat-asia
43,VE,6111,2024,istat-asia
43,VI,6514,2024,istat-asia
43,VR,7156,2024,istat-asia
45,AL,858,2024,istat-asia
45,AO,209,2024,istat-asia
45,AT,461,2024,istat-asia
45,BG,2265,2024,istat-asia
45,BI,412,2024,istat-asia
45,BL,274,2024,istat-asia
45,BO,1763,2024,istat-asia
45,BS,2899,2024,istat-asia
45,BZ,841,2024,istat-asia
45,CN,1394,2024,istat-asia
45,CO,1309,2024,istat-asia
45,CR,567,2024,istat-asia
45,FC,773,2024,istat-asia
45,FE,563,2024,istat-asia
45,GE,1503,2024,istat-asia
45,GO,193,2024,istat-asia
45,IM,424,2024,istat-asia
45,LC,675,2024,istat-asia
45,LO,356,2024,istat-asia
45,MB,1738,2024,istat-asia
45,MI,5420,2024,istat-asia
45,MN,875,2024,istat-asia
45,MO,1503,2024,istat-asia
45,NO,683,2024,istat-asia
45,PC,660,2024,istat-asia
45,PD,1891,2024,istat-asia
45,PN,559,2024,istat-asia
45,PR,902,2024,istat-asia
45,PV,1048,2024,istat-asia
45,RA,720,2024,istat-asia
45,RE,1056,2024,istat-asia
45,RN,651,2024,istat-asia
45,RO,487,2024,istat-asia
45,SO,364,2024,istat-asia
45,SP,322,2024,istat-asia
45,SV,471,2024,istat-asia
45,TN,950,2024,istat-asia
45,TO,6118,2024,istat-asia
45,TS,266,2024,istat-asia
45,TV,1697,2024,istat-asia
45,UD,888,2024,istat-asia
45,VA,1719,2024,istat-asia
45,VB,288,2024,istat-asia
45,VC,347,2024,istat-asia
45,VE,1200,2024,istat-asia
45,VI,1794,2024,istat-asia
45,VR,1950,2024,istat-asia
46,AL,2195,2024,istat-asia
46,AO,358,2024,istat-asia
46,AT,1119,2024,istat-asia
46,BG,6075,2024,istat-asia
46,BI,997,2024,istat-asia
46,BL,774,2024,istat-asia
46,BO,6900,2024,istat-asia
46,BS,7812,2024,istat-asia
46,BZ,3174,2024,istat-asia
46,CN,3618,2024,istat-asia
46,CO,3079,2024,istat-asia
46,CR,1965,2024,istat-asia
46,FC,2737,2024,istat-asia
46,FE,1747,2024,istat-asia
46,GE,4482,2024,istat-asia
46,GO,522,2024,istat-asia
46,IM,936,2024,istat-asia
46,LC,1939,2024,istat-asia
46,LO,1061,2024,istat-asia
46,MB,5979,2024,istat-asia
46,MI,24322,2024,istat-asia
46,MN,2449,2024,istat-asia
46,MO,4790,2024,istat-asia
46,NO,1903,2024,istat-asia
46,PC,1736,2024,istat-asia
46,PD,8424,2024,istat-asia
46,PN,1881,2024,istat-asia
46,PR,2774,2024,istat-asia
46,PV,2555,2024,istat-asia
46,RA,1997,2024,istat-asia
46,RE,3653,2024,istat-asia
46,RN,2592,2024,istat-asia
46,RO,1278,2024,istat-asia
46,SO,591,2024,istat-asia
46,SP,994,2024,istat-asia
46,SV,1317,2024,istat-asia
46,TN,2424,2024,istat-asia
46,TO,13271,2024,istat-asia
46,TS,825,2024,istat-asia
46,TV,6461,2024,istat-asia
46,UD,2669,2024,istat-asia
46,VA,4393,2024,istat-asia
46,VB,628,2024,istat-asia
46,VC,803,2024,istat-asia
46,VE,4525,2024,istat-asia
46,VI,6041,2024,istat-asia
46,VR,6501,2024,istat-asia
47,AL,3091,2024,istat-asia
47,AO,1035,2024,istat-asia
47,AT,1763,2024,istat-asia
47,BG,7297,2024,istat-asia
47,BI,1296,2024,istat-asia
47,BL,1458,2024,istat-asia
47,BO,6936,2024,istat-asia
47,BS,9020,2024,istat-asia
47,BZ,3314,2024,istat-asia
47,CN,5002,2024,istat-asia
47,CO,3368,2024,istat-asia
47,CR,2345,2024,istat-asia
47,FC,3213,2024,istat-asia
47,FE,2552,2024,istat-asia
47,GE,7303,2024,istat-asia
47,GO,897,2024,istat-asia
47,IM,2333,2024,istat-asia
47,LC,1911,2024,istat-asia
47,LO,1247,2024,istat-asia
47,MB,5230,2024,istat-asia
47,MI,21995,2024,istat-asia
47,MN,2873,2024,istat-asia
47,MO,5137,2024,istat-asia
47,NO,2388,2024,istat-asia
47,PC,2346,2024,istat-asia
47,PD,7242,2024,istat-asia
47,PN,1854,2024,istat-asia
47,PR,3178,2024,istat-asia
47,PV,3548,2024,istat-asia
47,RA,2943,2024,istat-asia
47,RE,3438,2024,istat-asia
47,RN,3939,2024,istat-asia
47,RO,1846,2024,istat-asia
47,SO,1526,2024,istat-asia
47,SP,2034,2024,istat-asia
47,SV,2968,2024,istat-asia
47,TN,3482,2024,istat-asia
47,TO,18383,2024,istat-asia
47,TS,1397,2024,istat-asia
47,TV,5544,2024,istat-asia
47,UD,3557,2024,istat-asia
47,VA,5007,2024,istat-asia
47,VB,1340,2024,istat-asia
47,VC,1452,2024,istat-asia
47,VE,7405,2024,istat-asia
47,VI,5615,2024,istat-asia
47,VR,6320,2024,istat-asia
49,AL,532,2024,istat-asia
49,AO,143,2024,istat-asia
49,AT,261,2024,istat-asia
49,BG,1411,2024,istat-asia
49,BI,129,2024,istat-asia
49,BL,248,2024,istat-asia
49,BO,2674,2024,istat-asia
49,BS,1976,2024,istat-asia
49,BZ,1281,2024,istat-asia
49,CN,854,2024,istat-asia
49,CO,795,2024,istat-asia
49,CR,484,2024,istat-asia
49,FC,974,2024,istat-asia
49,FE,547,2024,istat-asia
49,GE,1601,2024,istat-asia
49,GO,134,2024,istat-asia
49,IM,251,2024,istat-asia
49,LC,394,2024,istat-asia
49,LO,310,2024,istat-asia
49,MB,1180,2024,istat-asia
49,MI,8089,2024,istat-asia
49,MN,606,2024,istat-asia
49,MO,1397,2024,istat-asia
49,NO,364,2024,istat-asia
49,PC,597,2024,istat-asia
49,PD,1788,2024,istat-asia
49,PN,367,2024,istat-asia
49,PR,734,2024,istat-asia
49,PV,676,2024,istat-asia
49,RA,757,2024,istat-asia
49,RE,934,2024,istat-asia
49,RN,654,2024,istat-asia
49,RO,407,2024,istat-asia
49,SO,344,2024,istat-asia
49,SP,223,2024,istat-asia
49,SV,325,2024,istat-asia
49,TN,997,2024,istat-asia
49,TO,3746,2024,istat-asia
49,TS,395,2024,istat-asia
49,TV,1264,2024,istat-asia
49,UD,563,2024,istat-asia
49,VA,905,2024,istat-asia
49,VB,149,2024,istat-asia
49,VC,177,2024,istat-asia
49,VE,1207,2024,istat-asia
49,VI,1255,2024,istat-asia
49,VR,1870,2024,istat-asia
50,BG,6,2024,istat-asia
50,BI,1,2024,istat-asia
50,BO,1,2024,istat-asia
50,BS,33,2024,istat-asia
50,BZ,1,2024,istat-asia
50,CO,88,2024,istat-asia
50,CR,5,2024,istat-asia
50,FC,8,2024,istat-asia
50,FE,10,2024,istat-asia
50,GE,53,2024,istat-asia
50,GO,3,2024,istat-asia
50,IM,5,2024,istat-asia
50,LC,8,2024,istat-asia
50,MB,3,2024,istat-asia
50,MI,52,2024,istat-asia
50,MN,5,2024,istat-asia
50,NO,12,2024,istat-asia
50,PC,1,2024,istat-asia
50,PD,8,2024,istat-asia
50,PR,1,2024,istat-asia
50,RA,10,2024,istat-asia
50,RN,8,2024,istat-asia
50,RO,4,2024,istat-asia
50,SP,61,2024,istat-asia
50,SV,9,2024,istat-asia
50,TN,6,2024,istat-asia
50,TO,6,2024,istat-asia
50,TS,10,2024,istat-asia
50,TV,14,2024,istat-asia
50,UD,6,2024,istat-asia
50,VA,3,2024,istat-asia
50,VB,61,2024,istat-asia
50,VE,1086,2024,istat-asia
50,VI,1,2024,istat-asia
50,VR,9,2024,istat-asia
51,AL,1,2024,istat-asia
51,AO,1,2024,istat-asia
51,AT,1,2024,istat-asia
51,BG,1,2024,istat-asia
51,BL,1,2024,istat-asia
51,BO,3,2024,istat-asia
51,BS,3,2024,istat-asia
51,BZ,7,2024,istat-asia
51,CN,3,2024,istat-asia
51,GO,2,2024,istat-asia
51,MB,1,2024,istat-asia
51,MI,18,2024,istat-asia
51,MO,2,2024,istat-asia
51,PD,1,2024,istat-asia
51,PR,1,2024,istat-asia
51,PV,3,2024,istat-asia
51,RA,2,2024,istat-asia
51,RN,1,2024,istat-asia
51,SO,1,2024,istat-asia
51,TN,4,2024,istat-asia
51,TO,5,2024,istat-asia
51,VA,11,2024,istat-asia
51,VB,3,2024,istat-asia
51,VE,1,2024,istat-asia
51,VR,3,2024,istat-asia
52,AL,136,2024,istat-asia
52,AO,21,2024,istat-asia
52,AT,37,2024,istat-asia
52,BG,278,2024,istat-asia
52,BI,16,2024,istat-asia
52,BL,9,2024,istat-asia
52,BO,360,2024,istat-asia
52,BS,284,2024,istat-asia
52,BZ,190,2024,istat-asia
52,CN,83,2024,istat-asia
52,CO,182,2024,istat-asia
52,CR,55,2024,istat-asia
52,FC,92,2024,istat-asia
52,FE,77,2024,istat-asia
52,GE,666,2024,istat-asia
52,GO,56,2024,istat-asia
52,IM,67,2024,istat-asia
52,LC,45,2024,istat-asia
52,LO,51,2024,istat-asia
52,MB,282,2024,istat-asia
52,MI,2295,2024,istat-asia
52,MN,94,2024,istat-asia
52,MO,301,2024,istat-asia
52,NO,84,2024,istat-asia
52,PC,101,2024,istat-asia
52,PD,242,2024,istat-asia
52,PN,45,2024,istat-asia
52,PR,149,2024,istat-asia
52,PV,114,2024,istat-asia
52,RA,210,2024,istat-asia
52,RE,128,2024,istat-asia
52,RN,115,2024,istat-asia
52,RO,61,2024,istat-asia
52,SO,25,2024,istat-asia
52,SP,179,2024,istat-asia
52,SV,115,2024,istat-asia
52,TN,94,2024,istat-asia
52,TO,563,2024,istat-asia
52,TS,187,2024,istat-asia
52,TV,153,2024,istat-asia
52,UD,101,2024,istat-asia
52,VA,247,2024,istat-asia
52,VB,35,2024,istat-asia
52,VC,15,2024,istat-asia
52,VE,466,2024,istat-asia
52,VI,171,2024,istat-asia
52,VR,431,2024,istat-asia
53,AL,24,2024,istat-asia
53,AO,3,2024,istat-asia
53,AT,15,2024,istat-asia
53,BG,109,2024,istat-asia
53,BI,7,2024,istat-asia
53,BL,5,2024,istat-asia
53,BO,65,2024,istat-asia
53,BS,66,2024,istat-asia
53,BZ,9,2024,istat-asia
53,CN,15,2024,istat-asia
53,CO,30,2024,istat-asia
53,CR,17,2024,istat-asia
53,FC,16,2024,istat-asia
53,FE,10,2024,istat-asia
53,GE,34,2024,istat-asia
53,GO,8,2024,istat-asia
53,IM,15,2024,istat-asia
53,LC,24,2024,istat-asia
53,LO,12,2024,istat-asia
53,MB,108,2024,istat-asia
53,MI,965,2024,istat-asia
53,MN,19,2024,istat-asia
53,MO,24,2024,istat-asia
53,NO,48,2024,istat-asia
53,PC,16,2024,istat-asia
53,PD,41,2024,istat-asia
53,PN,20,2024,istat-asia
53,PR,14,2024,istat-asia
53,PV,38,2024,istat-asia
53,RA,16,2024,istat-asia
53,RE,19,2024,istat-asia
53,RN,12,2024,istat-asia
53,RO,11,2024,istat-asia
53,SO,3,2024,istat-asia
53,SP,8,2024,istat-asia
53,SV,5,2024,istat-asia
53,TN,16,2024,istat-asia
53,TO,195,2024,istat-asia
53,TS,29,2024,istat-asia
53,TV,18,2024,istat-asia
53,UD,9,2024,istat-asia
53,VA,49,2024,istat-asia
53,VB,8,2024,istat-asia
53,VC,12,2024,istat-asia
53,VE,24,2024,istat-asia
53,VI,28,2024,istat-asia
53,VR,28,2024,istat-asia
55,AL,194,2024,istat-asia
55,AO,682,2024,istat-asia
55,AT,170,2024,istat-asia
55,BG,529,2024,istat-asia
55,BI,66,2024,istat-asia
55,BL,500,2024,istat-asia
55,BO,877,2024,istat-asia
55,BS,1111,2024,istat-asia
55,BZ,5983,2024,istat-asia
55,CN,640,2024,istat-asia
55,CO,538,2024,istat-asia
55,CR,73,2024,istat-asia
55,FC,536,2024,istat-asia
55,FE,197,2024,istat-asia
55,GE,597,2024,istat-asia
55,GO,136,2024,istat-asia
55,IM,372,2024,istat-asia
55,LC,271,2024,istat-asia
55,LO,32,2024,istat-asia
55,MB,133,2024,istat-asia
55,MI,1900,2024,istat-asia
55,MN,170,2024,istat-asia
55,MO,342,2024,istat-asia
55,NO,149,2024,istat-asia
55,PC,129,2024,istat-asia
55,PD,340,2024,istat-asia
55,PN,123,2024,istat-asia
55,PR,253,2024,istat-asia
55,PV,124,2024,istat-asia
55,RA,566,2024,istat-asia
55,RE,189,2024,istat-asia
55,RN,1877,2024,istat-asia
55,RO,117,2024,istat-asia
55,SO,790,2024,istat-asia
55,SP,897,2024,istat-asia
55,SV,692,2024,istat-asia
55,TN,1996,2024,istat-asia
55,TO,813,2024,istat-asia
55,TS,185,2024,istat-asia
55,TV,353,2024,istat-asia
55,UD,558,2024,istat-asia
55,VA,251,2024,istat-asia
55,VB,283,2024,istat-asia
55,VC,87,2024,istat-asia
55,VE,1726,2024,istat-asia
55,VI,323,2024,istat-asia
55,VR,1496,2024,istat-asia
56,AL,1759,2024,istat-asia
56,AO,1027,2024,istat-asia
56,AT,952,2024,istat-asia
56,BG,4309,2024,istat-asia
56,BI,680,2024,istat-asia
56,BL,1097,2024,istat-asia
56,BO,4369,2024,istat-asia
56,BS,5910,2024,istat-asia
56,BZ,3052,2024,istat-asia
56,CN,2844,2024,istat-asia
56,CO,2366,2024,istat-asia
56,CR,1419,2024,istat-asia
56,FC,1873,2024,istat-asia
56,FE,1579,2024,istat-asia
56,GE,4184,2024,istat-asia
56,GO,684,2024,istat-asia
56,IM,1552,2024,istat-asia
56,LC,1230,2024,istat-asia
56,LO,739,2024,istat-asia
56,MB,2627,2024,istat-asia
56,MI,13897,2024,istat-asia
56,MN,1630,2024,istat-asia
56,MO,2957,2024,istat-asia
56,NO,1456,2024,istat-asia
56,PC,1576,2024,istat-asia
56,PD,3709,2024,istat-asia
56,PN,1241,2024,istat-asia
56,PR,1963,2024,istat-asia
56,PV,2154,2024,istat-asia
56,RA,1836,2024,istat-asia
56,RE,2155,2024,istat-asia
56,RN,2344,2024,istat-asia
56,RO,1034,2024,istat-asia
56,SO,964,2024,istat-asia
56,SP,1396,2024,istat-asia
56,SV,2272,2024,istat-asia
56,TN,2816,2024,istat-asia
56,TO,9479,2024,istat-asia
56,TS,1078,2024,istat-asia
56,TV,3616,2024,istat-asia
56,UD,2823,2024,istat-asia
56,VA,3140,2024,istat-asia
56,VB,1015,2024,istat-asia
56,VC,716,2024,istat-asia
56,VE,4853,2024,istat-asia
56,VI,3479,2024,istat-asia
56,VR,4446,2024,istat-asia
58,AL,26,2024,istat-asia
58,AO,14,2024,istat-asia
58,AT,7,2024,istat-asia
58,BG,78,2024,istat-asia
58,BI,14,2024,istat-asia
58,BL,10,2024,istat-asia
58,BO,144,2024,istat-asia
58,BS,66,2024,istat-asia
58,BZ,71,2024,istat-asia
58,CN,44,2024,istat-asia
58,CO,40,2024,istat-asia
58,CR,25,2024,istat-asia
58,FC,34,2024,istat-asia
58,FE,23,2024,istat-asia
58,GE,79,2024,istat-asia
58,GO,7,2024,istat-asia
58,IM,14,2024,istat-asia
58,LC,21,2024,istat-asia
58,LO,14,2024,istat-asia
58,MB,68,2024,istat-asia
58,MI,1040,2024,istat-asia
58,MN,21,2024,istat-asia
58,MO,63,2024,istat-asia
58,NO,32,2024,istat-asia
58,PC,26,2024,istat-asia
58,PD,87,2024,istat-asia
58,PN,16,2024,istat-asia
58,PR,40,2024,istat-asia
58,PV,39,2024,istat-asia
58,RA,41,2024,istat-asia
58,RE,45,2024,istat-asia
58,RN,51,2024,istat-asia
58,RO,11,2024,istat-asia
58,SO,8,2024,istat-asia
58,SP,11,2024,istat-asia
58,SV,20,2024,istat-asia
58,TN,45,2024,istat-asia
58,TO,282,2024,istat-asia
58,TS,40,2024,istat-asia
58,TV,57,2024,istat-asia
58,UD,46,2024,istat-asia
58,VA,50,2024,istat-asia
58,VB,6,2024,istat-asia
58,VC,16,2024,istat-asia
58,VE,56,2024,istat-asia
58,VI,55,2024,istat-asia
58,VR,78,2024,istat-asia
59,AL,34,2024,istat-asia
59,AO,27,2024,istat-asia
59,AT,26,2024,istat-asia
59,BG,147,2024,istat-asia
59,BI,27,2024,istat-asia
59,BL,23,2024,istat-asia
59,BO,297,2024,istat-asia
59,BS,126,2024,istat-asia
59,BZ,171,2024,istat-asia
59,CN,60,2024,istat-asia
59,CO,74,2024,istat-asia
59,CR,27,2024,istat-asia
59,FC,62,2024,istat-asia
59,FE,35,2024,istat-asia
59,GE,112,2024,istat-asia
59,GO,26,2024,istat-asia
59,IM,30,2024,istat-asia
59,LC,45,2024,istat-asia
59,LO,25,2024,istat-asia
59,MB,157,2024,istat-asia
59,MI,1862,2024,istat-asia
59,MN,30,2024,istat-asia
59,MO,87,2024,istat-asia
59,NO,20,2024,istat-asia
59,PC,45,2024,istat-asia
59,PD,127,2024,istat-asia
59,PN,40,2024,istat-asia
59,PR,73,2024,istat-asia
59,PV,47,2024,istat-asia
59,RA,52,2024,istat-asia
59,RE,106,2024,istat-asia
59,RN,72,2024,istat-asia
59,RO,12,2024,istat-asia
59,SO,13,2024,istat-asia
59,SP,30,2024,istat-asia
59,SV,25,2024,istat-asia
59,TN,117,2024,istat-asia
59,TO,411,2024,istat-asia
59,TS,47,2024,istat-asia
59,TV,92,2024,istat-asia
59,UD,82,2024,istat-asia
59,VA,92,2024,istat-asia
59,VB,18,2024,istat-asia
59,VC,7,2024,istat-asia
59,VE,78,2024,istat-asia
59,VI,99,2024,istat-asia
59,VR,126,2024,istat-asia
60,AL,6,2024,istat-asia
60,AO,2,2024,istat-asia
60,AT,2,2024,istat-asia
60,BG,12,2024,istat-asia
60,BL,4,2024,istat-asia
60,BO,27,2024,istat-asia
60,BS,17,2024,istat-asia
60,BZ,27,2024,istat-asia
60,CN,11,2024,istat-asia
60,CO,12,2024,istat-asia
60,CR,8,2024,istat-asia
60,FC,10,2024,istat-asia
60,FE,3,2024,istat-asia
60,GE,19,2024,istat-asia
60,GO,1,2024,istat-asia
60,IM,4,2024,istat-asia
60,LC,4,2024,istat-asia
60,LO,1,2024,istat-asia
60,MB,10,2024,istat-asia
60,MI,89,2024,istat-asia
60,MN,3,2024,istat-asia
60,MO,15,2024,istat-asia
60,NO,5,2024,istat-asia
60,PC,2,2024,istat-asia
60,PD,27,2024,istat-asia
60,PN,5,2024,istat-asia
60,PR,5,2024,istat-asia
60,PV,3,2024,istat-asia
60,RA,2,2024,istat-asia
60,RE,4,2024,istat-asia
60,RN,5,2024,istat-asia
60,RO,3,2024,istat-asia
60,SO,1,2024,istat-asia
60,SP,2,2024,istat-asia
60,SV,4,2024,istat-asia
60,TN,17,2024,istat-asia
60,TO,32,2024,istat-asia
60,TS,8,2024,istat-asia
60,TV,10,2024,istat-asia
60,UD,7,2024,istat-asia
60,VA,8,2024,istat-asia
60,VB,8,2024,istat-asia
60,VC,2,2024,istat-asia
60,VE,6,2024,istat-asia
60,VI,9,2024,istat-asia
60,VR,8,2024,istat-asia
61,AL,16,2024,istat-asia
61,AO,4,2024,istat-asia
61,AT,9,2024,istat-asia
61,BG,46,2024,istat-asia
61,BI,8,2024,istat-asia
61,BL,12,2024,istat-asia
61,BO,57,2024,istat-asia
61,BS,70,2024,istat-asia
61,BZ,24,2024,istat-asia
61,CN,20,2024,istat-asia
61,CO,20,2024,istat-asia
61,CR,11,2024,istat-asia
61,FC,19,2024,istat-asia
61,FE,15,2024,istat-asia
61,GE,52,2024,istat-asia
61,GO,7,2024,istat-asia
61,IM,13,2024,istat-asia
61,LC,4,2024,istat-asia
61,LO,7,2024,istat-asia
61,MB,42,2024,istat-asia
61,MI,370,2024,istat-asia
61,MN,13,2024,istat-asia
61,MO,33,2024,istat-asia
61,NO,14,2024,istat-asia
61,PC,3,2024,istat-asia
61,PD,57,2024,istat-asia
61,PN,6,2024,istat-asia
61,PR,19,2024,istat-asia
61,PV,25,2024,istat-asia
61,RA,9,2024,istat-asia
61,RE,31,2024,istat-asia
61,RN,14,2024,istat-asia
61,RO,8,2024,istat-asia
61,SO,8,2024,istat-asia
61,SP,10,2024,istat-asia
61,SV,16,2024,istat-asia
61,TN,22,2024,istat-asia
61,TO,124,2024,istat-asia
61,TS,10,2024,istat-asia
61,TV,28,2024,istat-asia
61,UD,23,2024,istat-asia
61,VA,25,2024,istat-asia
61,VB,4,2024,istat-asia
61,VC,10,2024,istat-asia
61,VE,42,2024,istat-asia
61,VI,39,2024,istat-asia
61,VR,49,2024,istat-asia
62,AL,282,2024,istat-asia
62,AO,110,2024,istat-asia
62,AT,174,2024,istat-asia
62,BG,1274,2024,istat-asia
62,BI,183,2024,istat-asia
62,BL,116,2024,istat-asia
62,BO,1640,2024,istat-asia
62,BS,1489,2024,istat-asia
62,BZ,618,2024,istat-asia
62,CN,530,2024,istat-asia
62,CO,671,2024,istat-asia
62,CR,319,2024,istat-asia
62,FC,403,2024,istat-asia
62,FE,307,2024,istat-asia
62,GE,918,2024,istat-asia
62,GO,94,2024,istat-asia
62,IM,151,2024,istat-asia
62,LC,439,2024,istat-asia
62,LO,190,2024,istat-asia
62,MB,1411,2024,istat-asia
62,MI,8529,2024,istat-asia
62,MN,359,2024,istat-asia
62,MO,927,2024,istat-asia
62,NO,366,2024,istat-asia
62,PC,357,2024,istat-asia
62,PD,1367,2024,istat-asia
62,PN,330,2024,istat-asia
62,PR,498,2024,istat-asia
62,PV,558,2024,istat-asia
62,RA,366,2024,istat-asia
62,RE,610,2024,istat-asia
62,RN,322,2024,istat-asia
62,RO,152,2024,istat-asia
62,SO,106,2024,istat-asia
62,SP,131,2024,istat-asia
62,SV,174,2024,istat-asia
62,TN,738,2024,istat-asia
62,TO,3531,2024,istat-asia
62,TS,247,2024,istat-asia
62,TV,995,2024,istat-asia
62,UD,584,2024,istat-asia
62,VA,1037,2024,istat-asia
62,VB,133,2024,istat-asia
62,VC,107,2024,istat-asia
62,VE,819,2024,istat-asia
62,VI,995,2024,istat-asia
62,VR,1082,2024,istat-asia
63,AL,202,2024,istat-asia
63,AO,87,2024,istat-asia
63,AT,74,2024,istat-asia
63,BG,742,2024,istat-asia
63,BI,85,2024,istat-asia
63,BL,75,2024,istat-asia
63,BO,830,2024,istat-asia
63,BS,1058,2024,istat-asia
63,BZ,499,2024,istat-asia
63,CN,264,2024,istat-asia
63,CO,385,2024,istat-asia
63,CR,174,2024,istat-asia
63,FC,248,2024,istat-asia
63,FE,175,2024,istat-asia
63,GE,493,2024,istat-asia
63,GO,87,2024,istat-asia
63,IM,119,2024,istat-asia
63,LC,202,2024,istat-asia
63,LO,112,2024,istat-asia
63,MB,763,2024,istat-asia
63,MI,4056,2024,istat-asia
63,MN,233,2024,istat-asia
63,MO,564,2024,istat-asia
63,NO,217,2024,istat-asia
63,PC,208,2024,istat-asia
63,PD,850,2024,istat-asia
63,PN,155,2024,istat-asia
63,PR,329,2024,istat-asia
63,PV,318,2024,istat-asia
63,RA,196,2024,istat-asia
63,RE,337,2024,istat-asia
63,RN,322,2024,istat-asia
63,RO,115,2024,istat-asia
63,SO,112,2024,istat-asia
63,SP,136,2024,istat-asia
63,SV,137,2024,istat-asia
63,TN,346,2024,istat-asia
63,TO,1416,2024,istat-asia
63,TS,150,2024,istat-asia
63,TV,644,2024,istat-asia
63,UD,408,2024,istat-asia
63,VA,530,2024,istat-asia
63,VB,67,2024,istat-asia
63,VC,77,2024,istat-asia
63,VE,534,2024,istat-asia
63,VI,684,2024,istat-asia
63,VR,642,2024,istat-asia
64,AL,108,2024,istat-asia
64,AO,17,2024,istat-asia
64,AT,28,2024,istat-asia
64,BG,616,2024,istat-asia
64,BI,95,2024,istat-asia
64,BL,41,2024,istat-asia
64,BO,502,2024,istat-asia
64,BS,736,2024,istat-asia
64,BZ,380,2024,istat-asia
64,CN,200,2024,istat-asia
64,CO,214,2024,istat-asia
64,CR,67,2024,istat-asia
64,FC,150,2024,istat-asia
64,FE,70,2024,istat-asia
64,GE,259,2024,istat-asia
64,GO,19,2024,istat-asia
64,IM,41,2024,istat-asia
64,LC,138,2024,istat-asia
64,LO,39,2024,istat-asia
64,MB,300,2024,istat-asia
64,MI,6303,2024,istat-asia
64,MN,105,2024,istat-asia
64,MO,355,2024,istat-asia
64,NO,103,2024,istat-asia
64,PC,69,2024,istat-asia
64,PD,544,2024,istat-asia
64,PN,118,2024,istat-asia
64,PR,200,2024,istat-asia
64,PV,65,2024,istat-asia
64,RA,121,2024,istat-asia
64,RE,219,2024,istat-asia
64,RN,137,2024,istat-asia
64,RO,29,2024,istat-asia
64,SO,31,2024,istat-asia
64,SP,65,2024,istat-asia
64,SV,38,2024,istat-asia
64,TN,228,2024,istat-asia
64,TO,864,2024,istat-asia
64,TS,45,2024,istat-asia
64,TV,907,2024,istat-asia
64,UD,183,2024,istat-asia
64,VA,222,2024,istat-asia
64,VB,25,2024,istat-asia
64,VC,20,2024,istat-asia
64,VE,304,2024,istat-asia
64,VI,666,2024,istat-asia
64,VR,391,2024,istat-asia
65,BI,1,2024,istat-asia
65,BL,1,2024,istat-asia
65,BO,3,2024,istat-asia
65,BZ,1,2024,istat-asia
65,FE,1,2024,istat-asia
65,GE,2,2024,istat-asia
65,MB,2,2024,istat-asia
65,MI,115,2024,istat-asia
65,MO,1,2024,istat-asia
65,PR,1,2024,istat-asia
65,RE,2,2024,istat-asia
65,TN,2,2024,istat-asia
65,TO,8,2024,istat-asia
65,TS,4,2024,istat-asia
65,TV,2,2024,istat-asia
65,VE,1,2024,istat-asia
65,VR,9,2024,istat-asia
66,AL,723,2024,istat-asia
66,AO,187,2024,istat-asia
66,AT,329,2024,istat-asia
66,BG,1848,2024,istat-asia
66,BI,372,2024,istat-asia
66,BL,257,2024,istat-asia
66,BO,1764,2024,istat-asia
66,BS,2389,2024,istat-asia
66,BZ,452,2024,istat-asia
66,CN,981,2024,istat-asia
66,CO,999,2024,istat-asia
66,CR,558,2024,istat-asia
66,FC,614,2024,istat-asia
66,FE,544,2024,istat-asia
66,GE,1678,2024,istat-asia
66,GO,151,2024,istat-asia
66,IM,348,2024,istat-asia
66,LC,635,2024,istat-asia
66,LO,397,2024,istat-asia
66,MB,1770,2024,istat-asia
66,MI,7104,2024,istat-asia
66,MN,694,2024,istat-asia
66,MO,1214,2024,istat-asia
66,NO,708,2024,istat-asia
66,PC,470,2024,istat-asia
66,PD,1975,2024,istat-asia
66,PN,420,2024,istat-asia
66,PR,768,2024,istat-asia
66,PV,935,2024,istat-asia
66,RA,603,2024,istat-asia
66,RE,728,2024,istat-asia
66,RN,584,2024,istat-asia
66,RO,329,2024,istat-asia
66,SO,281,2024,istat-asia
66,SP,347,2024,istat-asia
66,SV,533,2024,istat-asia
66,TN,718,2024,istat-asia
66,TO,4400,2024,istat-asia
66,TS,343,2024,istat-asia
66,TV,1495,2024,istat-asia
66,UD,773,2024,istat-asia
66,VA,1554,2024,istat-asia
66,VB,250,2024,istat-asia
66,VC,312,2024,istat-asia
66,VE,1228,2024,istat-asia
66,VI,1476,2024,istat-asia
66,VR,1706,2024,istat-asia
68,AL,1624,2024,istat-asia
68,AO,616,2024,istat-asia
68,AT,788,2024,istat-asia
68,BG,6069,2024,istat-asia
68,BI,698,2024,istat-asia
68,BL,793,2024,istat-asia
68,BO,6138,2024,istat-asia
68,BS,7273,2024,istat-asia
68,BZ,2725,2024,istat-asia
68,CN,2511,2024,istat-asia
68,CO,3281,2024,istat-asia
68,CR,1221,2024,istat-asia
68,FC,2686,2024,istat-asia
68,FE,1397,2024,istat-asia
68,GE,3916,2024,istat-asia
68,GO,368,2024,istat-asia
68,IM,976,2024,istat-asia
68,LC,1690,2024,istat-asia
68,LO,726,2024,istat-asia
68,MB,5209,2024,istat-asia
68,MI,26000,2024,istat-asia
68,MN,1690,2024,istat-asia
68,MO,4676,2024,istat-asia
68,NO,1562,2024,istat-asia
68,PC,1078,2024,istat-asia
68,PD,6177,2024,istat-asia
68,PN,1242,2024,istat-asia
68,PR,2256,2024,istat-asia
68,PV,1658,2024,istat-asia
68,RA,2116,2024,istat-asia
68,RE,2896,2024,istat-asia
68,RN,3618,2024,istat-asia
68,RO,966,2024,istat-asia
68,SO,664,2024,istat-asia
68,SP,949,2024,istat-asia
68,SV,1382,2024,istat-asia
68,TN,2541,2024,istat-asia
68,TO,10332,2024,istat-asia
68,TS,802,2024,istat-asia
68,TV,5838,2024,istat-asia
68,UD,2369,2024,istat-asia
68,VA,4969,2024,istat-asia
68,VB,642,2024,istat-asia
68,VC,467,2024,istat-asia
68,VE,5136,2024,istat-asia
68,VI,5516,2024,istat-asia
68,VR,5400,2024,istat-asia
69,AL,1321,2024,istat-asia
69,AO,427,2024,istat-asia
69,AT,609,2024,istat-asia
69,BG,4301,2024,istat-asia
69,BI,590,2024,istat-asia
69,BL,568,2024,istat-asia
69,BO,7033,2024,istat-asia
69,BS,5438,2024,istat-asia
69,BZ,1861,2024,istat-asia
69,CN,1814,2024,istat-asia
69,CO,2493,2024,istat-asia
69,CR,1069,2024,istat-asia
69,FC,1602,2024,istat-asia
69,FE,1314,2024,istat-asia
69,GE,5097,2024,istat-asia
69,GO,424,2024,istat-asia
69,IM,927,2024,istat-asia
69,LC,1238,2024,istat-asia
69,LO,670,2024,istat-asia
69,MB,3875,2024,istat-asia
69,MI,28289,2024,istat-asia
69,MN,1521,2024,istat-asia
69,MO,3236,2024,istat-asia
69,NO,1229,2024,istat-asia
69,PC,1230,2024,istat-asia
69,PD,5135,2024,istat-asia
69,PN,1093,2024,istat-asia
69,PR,2206,2024,istat-asia
69,PV,2140,2024,istat-asia
69,RA,1402,2024,istat-asia
69,RE,2010,2024,istat-asia
69,RN,1850,2024,istat-asia
69,RO,824,2024,istat-asia
69,SO,574,2024,istat-asia
69,SP,1015,2024,istat-asia
69,SV,1172,2024,istat-asia
69,TN,1829,2024,istat-asia
69,TO,10114,2024,istat-asia
69,TS,954,2024,istat-asia
69,TV,3947,2024,istat-asia
69,UD,2097,2024,istat-asia
69,VA,3750,2024,istat-asia
69,VB,475,2024,istat-asia
69,VC,484,2024,istat-asia
69,VE,3617,2024,istat-asia
69,VI,3884,2024,istat-asia
69,VR,4613,2024,istat-asia
70,AL,627,2024,istat-asia
70,AO,180,2024,istat-asia
70,AT,296,2024,istat-asia
70,BG,2632,2024,istat-asia
70,BI,276,2024,istat-asia
70,BL,253,2024,istat-asia
70,BO,3092,2024,istat-asia
70,BS,3612,2024,istat-asia
70,BZ,1166,2024,istat-asia
70,CN,822,2024,istat-asia
70,CO,1259,2024,istat-asia
70,CR,525,2024,istat-asia
70,FC,702,2024,istat-asia
70,FE,456,2024,istat-asia
70,GE,1560,2024,istat-asia
70,GO,191,2024,istat-asia
70,IM,242,2024,istat-asia
70,LC,715,2024,istat-asia
70,LO,342,2024,istat-asia
70,MB,2703,2024,istat-asia
70,MI,20611,2024,istat-asia
70,MN,645,2024,istat-asia
70,MO,1536,2024,istat-asia
70,NO,684,2024,istat-asia
70,PC,488,2024,istat-asia
70,PD,2631,2024,istat-asia
70,PN,509,2024,istat-asia
70,PR,1009,2024,istat-asia
70,PV,887,2024,istat-asia
70,RA,680,2024,istat-asia
70,RE,1029,2024,istat-asia
70,RN,705,2024,istat-asia
70,RO,302,2024,istat-asia
70,SO,159,2024,istat-asia
70,SP,238,2024,istat-asia
70,SV,316,2024,istat-asia
70,TN,952,2024,istat-asia
70,TO,5182,2024,istat-asia
70,TS,449,2024,istat-asia
70,TV,2072,2024,istat-asia
70,UD,914,2024,istat-asia
70,VA,1861,2024,istat-asia
70,VB,198,2024,istat-asia
70,VC,206,2024,istat-asia
70,VE,1569,2024,istat-asia
70,VI,2019,2024,istat-asia
70,VR,2208,2024,istat-asia
71,AL,1438,2024,istat-asia
71,AO,789,2024,istat-asia
71,AT,927,2024,istat-asia
71,BG,4648,2024,istat-asia
71,BI,664,2024,istat-asia
71,BL,921,2024,istat-asia
71,BO,4870,2024,istat-asia
71,BS,5927,2024,istat-asia
71,BZ,2027,2024,istat-asia
71,CN,2789,2024,istat-asia
71,CO,2527,2024,istat-asia
71,CR,1303,2024,istat-asia
71,FC,1793,2024,istat-asia
71,FE,1235,2024,istat-asia
71,GE,3846,2024,istat-asia
71,GO,430,2024,istat-asia
71,IM,982,2024,istat-asia
71,LC,1626,2024,istat-asia
71,LO,770,2024,istat-asia
71,MB,3603,2024,istat-asia
71,MI,15323,2024,istat-asia
71,MN,1485,2024,istat-asia
71,MO,2708,2024,istat-asia
71,NO,1410,2024,istat-asia
71,PC,1294,2024,istat-asia
71,PD,4491,2024,istat-asia
71,PN,1167,2024,istat-asia
71,PR,2158,2024,istat-asia
71,PV,2099,2024,istat-asia
71,RA,1513,2024,istat-asia
71,RE,1858,2024,istat-asia
71,RN,1651,2024,istat-asia
71,RO,870,2024,istat-asia
71,SO,1023,2024,istat-asia
71,SP,997,2024,istat-asia
71,SV,1224,2024,istat-asia
71,TN,2887,2024,istat-asia
71,TO,9525,2024,istat-asia
71,TS,839,2024,istat-asia
71,TV,3826,2024,istat-asia
71,UD,2160,2024,istat-asia
71,VA,3357,2024,istat-asia
71,VB,669,2024,istat-asia
71,VC,632,2024,istat-asia
71,VE,3632,2024,istat-asia
71,VI,3580,2024,istat-asia
71,VR,4067,2024,istat-asia
72,AL,77,2024,istat-asia
72,AO,34,2024,istat-asia
72,AT,30,2024,istat-asia
72,BG,275,2024,istat-asia
72,BI,22,2024,istat-asia
72,BL,35,2024,istat-asia
72,BO,410,2024,istat-asia
72,BS,300,2024,istat-asia
72,BZ,95,2024,istat-asia
72,CN,81,2024,istat-asia
72,CO,119,2024,istat-asia
72,CR,72,2024,istat-asia
72,FC,100,2024,istat-asia
72,FE,110,2024,istat-asia
72,GE,252,2024,istat-asia
72,GO,25,2024,istat-asia
72,IM,33,2024,istat-asia
72,LC,88,2024,istat-asia
72,LO,48,2024,istat-asia
72,MB,246,2024,istat-asia
72,MI,1500,2024,istat-asia
72,MN,62,2024,istat-asia
72,MO,224,2024,istat-asia
72,NO,84,2024,istat-asia
72,PC,74,2024,istat-asia
72,PD,277,2024,istat-asia
72,PN,56,2024,istat-asia
72,PR,139,2024,istat-asia
72,PV,130,2024,istat-asia
72,RA,90,2024,istat-asia
72,RE,97,2024,istat-asia
72,RN,108,2024,istat-asia
72,RO,40,2024,istat-asia
72,SO,27,2024,istat-asia
72,SP,47,2024,istat-asia
72,SV,52,2024,istat-asia
72,TN,181,2024,istat-asia
72,TO,637,2024,istat-asia
72,TS,101,2024,istat-asia
72,TV,180,2024,istat-asia
72,UD,114,2024,istat-asia
72,VA,240,2024,istat-asia
72,VB,22,2024,istat-asia
72,VC,31,2024,istat-asia
72,VE,167,2024,istat-asia
72,VI,159,2024,istat-asia
72,VR,194,2024,istat-asia
73,AL,184,2024,istat-asia
73,AO,47,2024,istat-asia
73,AT,79,2024,istat-asia
73,BG,673,2024,istat-asia
73,BI,73,2024,istat-asia
73,BL,59,2024,istat-asia
73,BO,765,2024,istat-asia
73,BS,1090,2024,istat-asia
73,BZ,324,2024,istat-asia
73,CN,208,2024,istat-asia
73,CO,340,2024,istat-asia
73,CR,151,2024,istat-asia
73,FC,229,2024,istat-asia
73,FE,160,2024,istat-asia
73,GE,408,2024,istat-asia
73,GO,53,2024,istat-asia
73,IM,85,2024,istat-asia
73,LC,248,2024,istat-asia
73,LO,112,2024,istat-asia
73,MB,824,2024,istat-asia
73,MI,5652,2024,istat-asia
73,MN,182,2024,istat-asia
73,MO,521,2024,istat-asia
73,NO,201,2024,istat-asia
73,PC,109,2024,istat-asia
73,PD,733,2024,istat-asia
73,PN,153,2024,istat-asia
73,PR,237,2024,istat-asia
73,PV,234,2024,istat-asia
73,RA,170,2024,istat-asia
73,RE,302,2024,istat-asia
73,RN,280,2024,istat-asia
73,RO,67,2024,istat-asia
73,SO,56,2024,istat-asia
73,SP,79,2024,istat-asia
73,SV,87,2024,istat-asia
73,TN,334,2024,istat-asia
73,TO,1441,2024,istat-asia
73,TS,125,2024,istat-asia
73,TV,632,2024,istat-asia
73,UD,307,2024,istat-asia
73,VA,527,2024,istat-asia
73,VB,42,2024,istat-asia
73,VC,56,2024,istat-asia
73,VE,480,2024,istat-asia
73,VI,617,2024,istat-asia
73,VR,752,2024,istat-asia
74,AL,1008,2024,istat-asia
74,AO,416,2024,istat-asia
74,AT,514,2024,istat-asia
74,BG,3685,2024,istat-asia
74,BI,518,2024,istat-asia
74,BL,722,2024,istat-asia
74,BO,4658,2024,istat-asia
74,BS,4331,2024,istat-asia
74,BZ,1928,2024,istat-asia
74,CN,1484,2024,istat-asia
74,CO,2481,2024,istat-asia
74,CR,1000,2024,istat-asia
74,FC,1306,2024,istat-asia
74,FE,856,2024,istat-asia
74,GE,2638,2024,istat-asia
74,GO,339,2024,istat-asia
74,IM,430,2024,istat-asia
74,LC,1395,2024,istat-asia
74,LO,593,2024,istat-asia
74,MB,3766,2024,istat-asia
74,MI,22325,2024,istat-asia
74,MN,1253,2024,istat-asia
74,MO,2715,2024,istat-asia
74,NO,1130,2024,istat-asia
74,PC,933,2024,istat-asia
74,PD,3470,2024,istat-asia
74,PN,981,2024,istat-asia
74,PR,1703,2024,istat-asia
74,PV,1629,2024,istat-asia
74,RA,1245,2024,istat-asia
74,RE,1753,2024,istat-asia
74,RN,1215,2024,istat-asia
74,RO,576,2024,istat-asia
74,SO,475,2024,istat-asia
74,SP,529,2024,istat-asia
74,SV,660,2024,istat-asia
74,TN,1840,2024,istat-asia
74,TO,7488,2024,istat-asia
74,TS,812,2024,istat-asia
74,TV,3341,2024,istat-asia
74,UD,1908,2024,istat-asia
74,VA,3154,2024,istat-asia
74,VB,382,2024,istat-asia
74,VC,421,2024,istat-asia
74,VE,2699,2024,istat-asia
74,VI,2929,2024,istat-asia
74,VR,3134,2024,istat-asia
75,AL,149,2024,istat-asia
75,AO,47,2024,istat-asia
75,AT,89,2024,istat-asia
75,BG,372,2024,istat-asia
75,BI,65,2024,istat-asia
75,BL,55,2024,istat-asia
75,BO,590,2024,istat-asia
75,BS,418,2024,istat-asia
75,BZ,144,2024,istat-asia
75,CN,259,2024,istat-asia
75,CO,192,2024,istat-asia
75,CR,191,2024,istat-asia
75,FC,153,2024,istat-asia
75,FE,128,2024,istat-asia
75,GE,281,2024,istat-asia
75,GO,34,2024,istat-asia
75,IM,73,2024,istat-asia
75,LC,130,2024,istat-asia
75,LO,123,2024,istat-asia
75,MB,279,2024,istat-asia
75,MI,1169,2024,istat-asia
75,MN,209,2024,istat-asia
75,MO,265,2024,istat-asia
75,NO,160,2024,istat-asia
75,PC,110,2024,istat-asia
75,PD,374,2024,istat-asia
75,PN,86,2024,istat-asia
75,PR,295,2024,istat-asia
75,PV,212,2024,istat-asia
75,RA,146,2024,istat-asia
75,RE,260,2024,istat-asia
75,RN,112,2024,istat-asia
75,RO,74,2024,istat-asia
75,SO,57,2024,istat-asia
75,SP,67,2024,istat-asia
75,SV,96,2024,istat-asia
75,TN,150,2024,istat-asia
75,TO,1024,2024,istat-asia
75,TS,69,2024,istat-asia
75,TV,269,2024,istat-asia
75,UD,174,2024,istat-asia
75,VA,352,2024,istat-asia
75,VB,42,2024,istat-asia
75,VC,53,2024,istat-asia
75,VE,222,2024,istat-asia
75,VI,271,2024,istat-asia
75,VR,293,2024,istat-asia
77,AL,56,2024,istat-asia
77,AO,81,2024,istat-asia
77,AT,42,2024,istat-asia
77,BG,233,2024,istat-asia
77,BI,22,2024,istat-asia
77,BL,50,2024,istat-asia
77,BO,227,2024,istat-asia
77,BS,358,2024,istat-asia
77,BZ,310,2024,istat-asia
77,CN,136,2024,istat-asia
77,CO,143,2024,istat-asia
77,CR,47,2024,istat-asia
77,FC,93,2024,istat-asia
77,FE,69,2024,istat-asia
77,GE,178,2024,istat-asia
77,GO,30,2024,istat-asia
77,IM,126,2024,istat-asia
77,LC,49,2024,istat-asia
77,LO,31,2024,istat-asia
77,MB,169,2024,istat-asia
77,MI,1147,2024,istat-asia
77,MN,93,2024,istat-asia
77,MO,172,2024,istat-asia
77,NO,67,2024,istat-asia
77,PC,34,2024,istat-asia
77,PD,210,2024,istat-asia
77,PN,49,2024,istat-asia
77,PR,96,2024,istat-asia
77,PV,74,2024,istat-asia
77,RA,78,2024,istat-asia
77,RE,113,2024,istat-asia
77,RN,119,2024,istat-asia
77,RO,49,2024,istat-asia
77,SO,59,2024,istat-asia
77,SP,88,2024,istat-asia
77,SV,57,2024,istat-asia
77,TN,297,2024,istat-asia
77,TO,475,2024,istat-asia
77,TS,45,2024,istat-asia
77,TV,221,2024,istat-asia
77,UD,133,2024,istat-asia
77,VA,146,2024,istat-asia
77,VB,30,2024,istat-asia
77,VC,32,2024,istat-asia
77,VE,315,2024,istat-asia
77,VI,201,2024,istat-asia
77,VR,294,2024,istat-asia
78,AL,1,2024,istat-asia
78,AO,2,2024,istat-asia
78,BG,10,2024,istat-asia
78,BI,5,2024,istat-asia
78,BL,3,2024,istat-asia
78,BO,25,2024,istat-asia
78,BS,20,2024,istat-asia
78,BZ,18,2024,istat-asia
78,CN,2,2024,istat-asia
78,CO,7,2024,istat-asia
78,CR,5,2024,istat-asia
78,FC,10,2024,istat-asia
78,FE,3,2024,istat-asia
78,GE,11,2024,istat-asia
78,LC,5,2024,istat-asia
78,LO,1,2024,istat-asia
78,MB,25,2024,istat-asia
78,MI,373,2024,istat-asia
78,MN,8,2024,istat-asia
78,MO,15,2024,istat-asia
78,NO,6,2024,istat-asia
78,PC,4,2024,istat-asia
78,PD,25,2024,istat-asia
78,PN,9,2024,istat-asia
78,PR,12,2024,istat-asia
78,PV,2,2024,istat-asia
78,RA,5,2024,istat-asia
78,RE,15,2024,istat-asia
78,RN,7,2024,istat-asia
78,RO,1,2024,istat-asia
78,SO,3,2024,istat-asia
78,SV,2,2024,istat-asia
78,TN,6,2024,istat-asia
78,TO,57,2024,istat-asia
78,TV,18,2024,istat-asia
78,UD,6,2024,istat-asia
78,VA,9,2024,istat-asia
78,VC,2,2024,istat-asia
78,VE,11,2024,istat-asia
78,VI,17,2024,istat-asia
78,VR,24,2024,istat-asia
79,AL,71,2024,istat-asia
79,AO,45,2024,istat-asia
79,AT,48,2024,istat-asia
79,BG,246,2024,istat-asia
79,BI,38,2024,istat-asia
79,BL,55,2024,istat-asia
79,BO,266,2024,istat-asia
79,BS,294,2024,istat-asia
79,BZ,137,2024,istat-asia
79,CN,184,2024,istat-asia
79,CO,240,2024,istat-asia
79,CR,61,2024,istat-asia
79,FC,87,2024,istat-asia
79,FE,101,2024,istat-asia
79,GE,310,2024,istat-asia
79,GO,32,2024,istat-asia
79,IM,103,2024,istat-asia
79,LC,85,2024,istat-asia
79,LO,34,2024,istat-asia
79,MB,185,2024,istat-asia
79,MI,1232,2024,istat-asia
79,MN,93,2024,istat-asia
79,MO,132,2024,istat-asia
79,NO,92,2024,istat-asia
79,PC,49,2024,istat-asia
79,PD,267,2024,istat-asia
79,PN,59,2024,istat-asia
79,PR,114,2024,istat-asia
79,PV,64,2024,istat-asia
79,RA,104,2024,istat-asia
79,RE,86,2024,istat-asia
79,RN,146,2024,istat-asia
79,RO,35,2024,istat-asia
79,SO,60,2024,istat-asia
79,SP,101,2024,istat-asia
79,SV,75,2024,istat-asia
79,TN,159,2024,istat-asia
79,TO,662,2024,istat-asia
79,TS,76,2024,istat-asia
79,TV,223,2024,istat-asia
79,UD,123,2024,istat-asia
79,VA,195,2024,istat-asia
79,VB,91,2024,istat-asia
79,VC,43,2024,istat-asia
79,VE,812,2024,istat-asia
79,VI,163,2024,istat-asia
79,VR,305,2024,istat-asia
80,AL,10,2024,istat-asia
80,AO,4,2024,istat-asia
80,AT,6,2024,istat-asia
80,BG,31,2024,istat-asia
80,BI,5,2024,istat-asia
80,BO,41,2024,istat-asia
80,BS,33,2024,istat-asia
80,BZ,4,2024,istat-asia
80,CN,11,2024,istat-asia
80,CO,18,2024,istat-asia
80,CR,8,2024,istat-asia
80,FC,20,2024,istat-asia
80,FE,8,2024,istat-asia
80,GE,28,2024,istat-asia
80,GO,5,2024,istat-asia
80,IM,5,2024,istat-asia
80,LC,10,2024,istat-asia
80,LO,4,2024,istat-asia
80,MB,34,2024,istat-asia
80,MI,234,2024,istat-asia
80,MN,16,2024,istat-asia
80,MO,30,2024,istat-asia
80,NO,7,2024,istat-asia
80,PC,6,2024,istat-asia
80,PD,37,2024,istat-asia
80,PN,3,2024,istat-asia
80,PR,13,2024,istat-asia
80,PV,16,2024,istat-asia
80,RA,7,2024,istat-asia
80,RE,14,2024,istat-asia
80,RN,14,2024,istat-asia
80,RO,6,2024,istat-asia
80,SO,2,2024,istat-asia
80,SP,10,2024,istat-asia
80,SV,6,2024,istat-asia
80,TN,10,2024,istat-asia
80,TO,47,2024,istat-asia
80,TS,11,2024,istat-asia
80,TV,21,2024,istat-asia
80,UD,10,2024,istat-asia
80,VA,29,2024,istat-asia
80,VB,6,2024,istat-asia
80,VC,5,2024,istat-asia
80,VE,35,2024,istat-asia
80,VI,24,2024,istat-asia
80,VR,24,2024,istat-asia
81,AL,481,2024,istat-asia
81,AO,220,2024,istat-asia
81,AT,280,2024,istat-asia
81,BG,1358,2024,istat-asia
81,BI,260,2024,istat-asia
81,BL,161,2024,istat-asia
81,BO,1662,2024,istat-asia
81,BS,1460,2024,istat-asia
81,BZ,641,2024,istat-asia
81,CN,547,2024,istat-asia
81,CO,1222,2024,istat-asia
81,CR,319,2024,istat-asia
81,FC,323,2024,istat-asia
81,FE,303,2024,istat-asia
81,GE,1274,2024,istat-asia
81,GO,114,2024,istat-asia
81,IM,357,2024,istat-asia
81,LC,593,2024,istat-asia
81,LO,247,2024,istat-asia
81,MB,1648,2024,istat-asia
81,MI,6587,2024,istat-asia
81,MN,356,2024,istat-asia
81,MO,792,2024,istat-asia
81,NO,540,2024,istat-asia
81,PC,292,2024,istat-asia
81,PD,1176,2024,istat-asia
81,PN,272,2024,istat-asia
81,PR,526,2024,istat-asia
81,PV,584,2024,istat-asia
81,RA,373,2024,istat-asia
81,RE,558,2024,istat-asia
81,RN,309,2024,istat-asia
81,RO,217,2024,istat-asia
81,SO,182,2024,istat-asia
81,SP,270,2024,istat-asia
81,SV,451,2024,istat-asia
81,TN,482,2024,istat-asia
81,TO,3249,2024,istat-asia
81,TS,246,2024,istat-asia
81,TV,822,2024,istat-asia
81,UD,489,2024,istat-asia
81,VA,1499,2024,istat-asia
81,VB,219,2024,istat-asia
81,VC,158,2024,istat-asia
81,VE,861,2024,istat-asia
81,VI,816,2024,istat-asia
81,VR,1029,2024,istat-asia
82,AL,416,2024,istat-asia
82,AO,129,2024,istat-asia
82,AT,238,2024,istat-asia
82,BG,1542,2024,istat-asia
82,BI,237,2024,istat-asia
82,BL,153,2024,istat-asia
82,BO,1662,2024,istat-asia
82,BS,1570,2024,istat-asia
82,BZ,642,2024,istat-asia
82,CN,931,2024,istat-asia
82,CO,853,2024,istat-asia
82,CR,388,2024,istat-asia
82,FC,581,2024,istat-asia
82,FE,404,2024,istat-asia
82,GE,1172,2024,istat-asia
82,GO,123,2024,istat-asia
82,IM,241,2024,istat-asia
82,LC,480,2024,istat-asia
82,LO,243,2024,istat-asia
82,MB,1984,2024,istat-asia
82,MI,10170,2024,istat-asia
82,MN,409,2024,istat-asia
82,MO,860,2024,istat-asia
82,NO,451,2024,istat-asia
82,PC,284,2024,istat-asia
82,PD,1450,2024,istat-asia
82,PN,299,2024,istat-asia
82,PR,686,2024,istat-asia
82,PV,673,2024,istat-asia
82,RA,559,2024,istat-asia
82,RE,685,2024,istat-asia
82,RN,656,2024,istat-asia
82,RO,223,2024,istat-asia
82,SO,146,2024,istat-asia
82,SP,228,2024,istat-asia
82,SV,334,2024,istat-asia
82,TN,603,2024,istat-asia
82,TO,4282,2024,istat-asia
82,TS,309,2024,istat-asia
82,TV,1135,2024,istat-asia
82,UD,525,2024,istat-asia
82,VA,1275,2024,istat-asia
82,VB,117,2024,istat-asia
82,VC,154,2024,istat-asia
82,VE,1087,2024,istat-asia
82,VI,927,2024,istat-asia
82,VR,1187,2024,istat-asia
85,AL,306,2024,istat-asia
85,AO,306,2024,istat-asia
85,AT,160,2024,istat-asia
85,BG,1201,2024,istat-asia
85,BI,135,2024,istat-asia
85,BL,264,2024,istat-asia
85,BO,1391,2024,istat-asia
85,BS,1190,2024,istat-asia
85,BZ,835,2024,istat-asia
85,CN,557,2024,istat-asia
85,CO,630,2024,istat-asia
85,CR,309,2024,istat-asia
85,FC,375,2024,istat-asia
85,FE,268,2024,istat-asia
85,GE,853,2024,istat-asia
85,GO,114,2024,istat-asia
85,IM,158,2024,istat-asia
85,LC,412,2024,istat-asia
85,LO,161,2024,istat-asia
85,MB,1140,2024,istat-asia
85,MI,5329,2024,istat-asia
85,MN,312,2024,istat-asia
85,MO,769,2024,istat-asia
85,NO,312,2024,istat-asia
85,PC,231,2024,istat-asia
85,PD,1069,2024,istat-asia
85,PN,340,2024,istat-asia
85,PR,462,2024,istat-asia
85,PV,474,2024,istat-asia
85,RA,376,2024,istat-asia
85,RE,526,2024,istat-asia
85,RN,339,2024,istat-asia
85,RO,140,2024,istat-asia
85,SO,212,2024,istat-asia
85,SP,165,2024,istat-asia
85,SV,239,2024,istat-asia
85,TN,905,2024,istat-asia
85,TO,2836,2024,istat-asia
85,TS,282,2024,istat-asia
85,TV,896,2024,istat-asia
85,UD,675,2024,istat-asia
85,VA,968,2024,istat-asia
85,VB,156,2024,istat-asia
85,VC,114,2024,istat-asia
85,VE,677,2024,istat-asia
85,VI,890,2024,istat-asia
85,VR,1076,2024,istat-asia
86,AL,2190,2024,istat-asia
86,AO,669,2024,istat-asia
86,AT,1016,2024,istat-asia
86,BG,6965,2024,istat-asia
86,BI,853,2024,istat-asia
86,BL,960,2024,istat-asia
86,BO,8191,2024,istat-asia
86,BS,8133,2024,istat-asia
86,BZ,2137,2024,istat-asia
86,CN,2992,2024,istat-asia
86,CO,3933,2024,istat-asia
86,CR,1970,2024,istat-asia
86,FC,2342,2024,istat-asia
86,FE,1912,2024,istat-asia
86,GE,6177,2024,istat-asia
86,GO,649,2024,istat-asia
86,IM,1092,2024,istat-asia
86,LC,2133,2024,istat-asia
86,LO,1191,2024,istat-asia
86,MB,6363,2024,istat-asia
86,MI,27539,2024,istat-asia
86,MN,1819,2024,istat-asia
86,MO,4011,2024,istat-asia
86,NO,2044,2024,istat-asia
86,PC,1585,2024,istat-asia
86,PD,7273,2024,istat-asia
86,PN,1661,2024,istat-asia
86,PR,3210,2024,istat-asia
86,PV,4090,2024,istat-asia
86,RA,2059,2024,istat-asia
86,RE,2308,2024,istat-asia
86,RN,2328,2024,istat-asia
86,RO,891,2024,istat-asia
86,SO,898,2024,istat-asia
86,SP,1189,2024,istat-asia
86,SV,1725,2024,istat-asia
86,TN,2931,2024,istat-asia
86,TO,15588,2024,istat-asia
86,TS,1749,2024,istat-asia
86,TV,4693,2024,istat-asia
86,UD,2973,2024,istat-asia
86,VA,6041,2024,istat-asia
86,VB,843,2024,istat-asia
86,VC,802,2024,istat-asia
86,VE,4132,2024,istat-asia
86,VI,4665,2024,istat-asia
86,VR,6350,2024,istat-asia
87,AL,51,2024,istat-asia
87,AO,14,2024,istat-asia
87,AT,29,2024,istat-asia
87,BG,36,2024,istat-asia
87,BI,15,2024,istat-asia
87,BL,14,2024,istat-asia
87,BO,139,2024,istat-asia
87,BS,50,2024,istat-asia
87,BZ,18,2024,istat-asia
87,CN,49,2024,istat-asia
87,CO,29,2024,istat-asia
87,CR,12,2024,istat-asia
87,FC,56,2024,istat-asia
87,FE,75,2024,istat-asia
87,GE,126,2024,istat-asia
87,GO,5,2024,istat-asia
87,IM,7,2024,istat-asia
87,LC,13,2024,istat-asia
87,LO,16,2024,istat-asia
87,MB,28,2024,istat-asia
87,MI,188,2024,istat-asia
87,MN,12,2024,istat-asia
87,MO,50,2024,istat-asia
87,NO,15,2024,istat-asia
87,PC,18,2024,istat-asia
87,PD,41,2024,istat-asia
87,PN,13,2024,istat-asia
87,PR,45,2024,istat-asia
87,PV,144,2024,istat-asia
87,RA,112,2024,istat-asia
87,RE,35,2024,istat-asia
87,RN,32,2024,istat-asia
87,RO,9,2024,istat-asia
87,SO,14,2024,istat-asia
87,SP,28,2024,istat-asia
87,SV,16,2024,istat-asia
87,TN,17,2024,istat-asia
87,TO,214,2024,istat-asia
87,TS,51,2024,istat-asia
87,TV,35,2024,istat-asia
87,UD,19,2024,istat-asia
87,VA,36,2024,istat-asia
87,VB,12,2024,istat-asia
87,VC,14,2024,istat-asia
87,VE,18,2024,istat-asia
87,VI,36,2024,istat-asia
87,VR,37,2024,istat-asia
88,AL,75,2024,istat-asia
88,AO,29,2024,istat-asia
88,AT,35,2024,istat-asia
88,BG,231,2024,istat-asia
88,BI,23,2024,istat-asia
88,BL,33,2024,istat-asia
88,BO,211,2024,istat-asia
88,BS,216,2024,istat-asia
88,BZ,96,2024,istat-asia
88,CN,134,2024,istat-asia
88,CO,183,2024,istat-asia
88,CR,66,2024,istat-asia
88,FC,58,2024,istat-asia
88,FE,38,2024,istat-asia
88,GE,205,2024,istat-asia
88,GO,24,2024,istat-asia
88,IM,26,2024,istat-asia
88,LC,67,2024,istat-asia
88,LO,63,2024,istat-asia
88,MB,238,2024,istat-asia
88,MI,905,2024,istat-asia
88,MN,88,2024,istat-asia
88,MO,107,2024,istat-asia
88,NO,71,2024,istat-asia
88,PC,51,2024,istat-asia
88,PD,204,2024,istat-asia
88,PN,60,2024,istat-asia
88,PR,108,2024,istat-asia
88,PV,134,2024,istat-asia
88,RA,50,2024,istat-asia
88,RE,60,2024,istat-asia
88,RN,41,2024,istat-asia
88,RO,27,2024,istat-asia
88,SO,37,2024,istat-asia
88,SP,37,2024,istat-asia
88,SV,30,2024,istat-asia
88,TN,133,2024,istat-asia
88,TO,471,2024,istat-asia
88,TS,70,2024,istat-asia
88,TV,203,2024,istat-asia
88,UD,126,2024,istat-asia
88,VA,205,2024,istat-asia
88,VB,23,2024,istat-asia
88,VC,29,2024,istat-asia
88,VE,153,2024,istat-asia
88,VI,187,2024,istat-asia
88,VR,224,2024,istat-asia
90,AL,191,2024,istat-asia
90,AO,104,2024,istat-asia
90,AT,119,2024,istat-asia
90,BG,709,2024,istat-asia
90,BI,91,2024,istat-asia
90,BL,64,2024,istat-asia
90,BO,1162,2024,istat-asia
90,BS,732,2024,istat-asia
90,BZ,475,2024,istat-asia
90,CN,235,2024,istat-asia
90,CO,398,2024,istat-asia
90,CR,220,2024,istat-asia
90,FC,231,2024,istat-asia
90,FE,162,2024,istat-asia
90,GE,648,2024,istat-asia
90,GO,88,2024,istat-asia
90,IM,93,2024,istat-asia
90,LC,221,2024,istat-asia
90,LO,136,2024,istat-asia
90,MB,833,2024,istat-asia
90,MI,7009,2024,istat-asia
90,MN,190,2024,istat-asia
90,MO,386,2024,istat-asia
90,NO,228,2024,istat-asia
90,PC,220,2024,istat-asia
90,PD,575,2024,istat-asia
90,PN,159,2024,istat-asia
90,PR,354,2024,istat-asia
90,PV,348,2024,istat-asia
90,RA,273,2024,istat-asia
90,RE,309,2024,istat-asia
90,RN,254,2024,istat-asia
90,RO,105,2024,istat-asia
90,SO,85,2024,istat-asia
90,SP,109,2024,istat-asia
90,SV,167,2024,istat-asia
90,TN,360,2024,istat-asia
90,TO,1980,2024,istat-asia
90,TS,217,2024,istat-asia
90,TV,522,2024,istat-asia
90,UD,373,2024,istat-asia
90,VA,592,2024,istat-asia
90,VB,78,2024,istat-asia
90,VC,79,2024,istat-asia
90,VE,715,2024,istat-asia
90,VI,420,2024,istat-asia
90,VR,601,2024,istat-asia
91,AL,3,2024,istat-asia
91,AO,5,2024,istat-asia
91,AT,3,2024,istat-asia
91,BG,12,2024,istat-asia
91,BI,7,2024,istat-asia
91,BL,5,2024,istat-asia
91,BO,28,2024,istat-asia
91,BS,17,2024,istat-asia
91,BZ,12,2024,istat-asia
91,CN,5,2024,istat-asia
91,CO,4,2024,istat-asia
91,CR,12,2024,istat-asia
91,FC,5,2024,istat-asia
91,FE,4,2024,istat-asia
91,GE,12,2024,istat-asia
91,GO,9,2024,istat-asia
91,IM,2,2024,istat-asia
91,LC,7,2024,istat-asia
91,LO,3,2024,istat-asia
91,MB,3,2024,istat-asia
91,MI,61,2024,istat-asia
91,MN,7,2024,istat-asia
91,MO,8,2024,istat-asia
91,NO,6,2024,istat-asia
91,PC,4,2024,istat-asia
91,PD,17,2024,istat-asia
91,PN,10,2024,istat-asia
91,PR,22,2024,istat-asia
91,PV,6,2024,istat-asia
91,RA,6,2024,istat-asia
91,RE,2,2024,istat-asia
91,RN,6,2024,istat-asia
91,RO,3,2024,istat-asia
91,SO,3,2024,istat-asia
91,SP,3,2024,istat-asia
91,SV,2,2024,istat-asia
91,TN,12,2024,istat-asia
91,TO,53,2024,istat-asia
91,TS,9,2024,istat-asia
91,TV,16,2024,istat-asia
91,UD,20,2024,istat-asia
91,VA,16,2024,istat-asia
91,VB,3,2024,istat-asia
91,VC,1,2024,istat-asia
91,VE,28,2024,istat-asia
91,VI,14,2024,istat-asia
91,VR,8,2024,istat-asia
92,AL,38,2024,istat-asia
92,AO,6,2024,istat-asia
92,AT,15,2024,istat-asia
92,BG,126,2024,istat-asia
92,BI,11,2024,istat-asia
92,BL,13,2024,istat-asia
92,BO,67,2024,istat-asia
92,BS,185,2024,istat-asia
92,BZ,12,2024,istat-asia
92,CN,39,2024,istat-asia
92,CO,56,2024,istat-asia
92,CR,34,2024,istat-asia
92,FC,33,2024,istat-asia
92,FE,20,2024,istat-asia
92,GE,86,2024,istat-asia
92,GO,20,2024,istat-asia
92,IM,20,2024,istat-asia
92,LC,11,2024,istat-asia
92,LO,20,2024,istat-asia
92,MB,68,2024,istat-asia
92,MI,370,2024,istat-asia
92,MN,41,2024,istat-asia
92,MO,53,2024,istat-asia
92,NO,49,2024,istat-asia
92,PC,27,2024,istat-asia
92,PD,75,2024,istat-asia
92,PN,23,2024,istat-asia
92,PR,24,2024,istat-asia
92,PV,53,2024,istat-asia
92,RA,26,2024,istat-asia
92,RE,29,2024,istat-asia
92,RN,33,2024,istat-asia
92,RO,25,2024,istat-asia
92,SO,21,2024,istat-asia
92,SP,23,2024,istat-asia
92,SV,37,2024,istat-asia
92,TN,19,2024,istat-asia
92,TO,217,2024,istat-asia
92,TS,8,2024,istat-asia
92,TV,70,2024,istat-asia
92,UD,48,2024,istat-asia
92,VA,78,2024,istat-asia
92,VB,15,2024,istat-asia
92,VC,25,2024,istat-asia
92,VE,87,2024,istat-asia
92,VI,61,2024,istat-asia
92,VR,63,2024,istat-asia
93,AL,231,2024,istat-asia
93,AO,213,2024,istat-asia
93,AT,77,2024,istat-asia
93,BG,556,2024,istat-asia
93,BI,101,2024,istat-asia
93,BL,109,2024,istat-asia
93,BO,609,2024,istat-asia
93,BS,681,2024,istat-asia
93,BZ,414,2024,istat-asia
93,CN,286,2024,istat-asia
93,CO,321,2024,istat-asia
93,CR,175,2024,istat-asia
93,FC,418,2024,istat-asia
93,FE,268,2024,istat-asia
93,GE,569,2024,istat-asia
93,GO,56,2024,istat-asia
93,IM,243,2024,istat-asia
93,LC,153,2024,istat-asia
93,LO,87,2024,istat-asia
93,MB,530,2024,istat-asia
93,MI,2524,2024,istat-asia
93,MN,178,2024,istat-asia
93,MO,397,2024,istat-asia
93,NO,219,2024,istat-asia
93,PC,157,2024,istat-asia
93,PD,517,2024,istat-asia
93,PN,117,2024,istat-asia
93,PR,249,2024,istat-asia
93,PV,292,2024,istat-asia
93,RA,587,2024,istat-asia
93,RE,273,2024,istat-asia
93,RN,746,2024,istat-asia
93,RO,124,2024,istat-asia
93,SO,128,2024,istat-asia
93,SP,160,2024,istat-asia
93,SV,584,2024,istat-asia
93,TN,414,2024,istat-asia
93,TO,1281,2024,istat-asia
93,TS,151,2024,istat-asia
93,TV,483,2024,istat-asia
93,UD,288,2024,istat-asia
93,VA,460,2024,istat-asia
93,VB,94,2024,istat-asia
93,VC,89,2024,istat-asia
93,VE,515,2024,istat-asia
93,VI,419,2024,istat-asia
93,VR,537,2024,istat-asia
95,AL,167,2024,istat-asia
95,AO,54,2024,istat-asia
95,AT,111,2024,istat-asia
95,BG,479,2024,istat-asia
95,BI,94,2024,istat-asia
95,BL,53,2024,istat-asia
95,BO,535,2024,istat-asia
95,BS,626,2024,istat-asia
95,BZ,229,2024,istat-asia
95,CN,255,2024,istat-asia
95,CO,283,2024,istat-asia
95,CR,157,2024,istat-asia
95,FC,214,2024,istat-asia
95,FE,140,2024,istat-asia
95,GE,397,2024,istat-asia
95,GO,49,2024,istat-asia
95,IM,140,2024,istat-asia
95,LC,125,2024,istat-asia
95,LO,79,2024,istat-asia
95,MB,474,2024,istat-asia
95,MI,1499,2024,istat-asia
95,MN,173,2024,istat-asia
95,MO,320,2024,istat-asia
95,NO,148,2024,istat-asia
95,PC,138,2024,istat-asia
95,PD,546,2024,istat-asia
95,PN,143,2024,istat-asia
95,PR,213,2024,istat-asia
95,PV,200,2024,istat-asia
95,RA,172,2024,istat-asia
95,RE,260,2024,istat-asia
95,RN,167,2024,istat-asia
95,RO,94,2024,istat-asia
95,SO,70,2024,istat-asia
95,SP,114,2024,istat-asia
95,SV,145,2024,istat-asia
95,TN,203,2024,istat-asia
95,TO,1064,2024,istat-asia
95,TS,99,2024,istat-asia
95,TV,395,2024,istat-asia
95,UD,271,2024,istat-asia
95,VA,348,2024,istat-asia
95,VB,71,2024,istat-asia
95,VC,61,2024,istat-asia
95,VE,378,2024,istat-asia
95,VI,358,2024,istat-asia
95,VR,462,2024,istat-asia
96,AL,1522,2024,istat-asia
96,AO,505,2024,istat-asia
96,AT,712,2024,istat-asia
96,BG,4084,2024,istat-asia
96,BI,639,2024,istat-asia
96,BL,551,2024,istat-asia
96,BO,3477,2024,istat-asia
96,BS,4632,2024,istat-asia
96,BZ,1712,2024,istat-asia
96,CN,2377,2024,istat-asia
96,CO,2064,2024,istat-asia
96,CR,1288,2024,istat-asia
96,FC,1482,2024,istat-asia
96,FE,1286,2024,istat-asia
96,GE,2580,2024,istat-asia
96,GO,474,2024,istat-asia
96,IM,844,2024,istat-asia
96,LC,1101,2024,istat-asia
96,LO,809,2024,istat-asia
96,MB,3117,2024,istat-asia
96,MI,12521,2024,istat-asia
96,MN,1457,2024,istat-asia
96,MO,2508,2024,istat-asia
96,NO,1378,2024,istat-asia
96,PC,1012,2024,istat-asia
96,PD,3201,2024,istat-asia
96,PN,1161,2024,istat-asia
96,PR,1498,2024,istat-asia
96,PV,1969,2024,istat-asia
96,RA,1428,2024,istat-asia
96,RE,1614,2024,istat-asia
96,RN,1338,2024,istat-asia
96,RO,837,2024,istat-asia
96,SO,631,2024,istat-asia
96,SP,719,2024,istat-asia
96,SV,1062,2024,istat-asia
96,TN,1735,2024,istat-asia
96,TO,7988,2024,istat-asia
96,TS,716,2024,istat-asia
96,TV,3090,2024,istat-asia
96,UD,2042,2024,istat-asia
96,VA,3343,2024,istat-asia
96,VB,624,2024,istat-asia
96,VC,665,2024,istat-asia
96,VE,2781,2024,istat-asia
96,VI,3118,2024,istat-asia
96,VR,3553,2024,istat-asia
